"Ano","Semestre","Cód. Disciplina","Cód. Turma","Alunos","Professor","Cód. Curso","Curso","Porcentagem de Aprovado","Porcentagem de Dispensado","Porcentagem de Reprovado","Porcentagem de Tr.Parcial","Porcentagem de Não Concl.","Porcentagem de CancMatric","Porcentagem de Repr.Freq"
2021,"1. Semestre","D200888","10",5,"P888402148","139","Curso de Bacharelado em Estatística - Noturno",15,3,82,0,0,0,0
2021,"1. Semestre","D200888","11",17,"P148855320","521","Ciências Econômicas - Diurno",31,0,67,2,0,0,0
2021,"1. Semestre","D200888","11",20,"P394200218","402","Engenharia Florestal",54,0,46,0,0,0,0
2021,"1. Semestre","D200888","12",3,"P512200642","133","Química - Bacharelado",20,0,60,13,7,0,0
2021,"1. Semestre","D200888","12",1,"P512200642","110","Química Industrial",0,0,93,0,7,0,0
2021,"1. Semestre","D200888","13",34,"P394200218","302","Engenharia Civil",68,2,18,0,10,2,0
2021,"1. Semestre","D200888","14",16,"P888402148","305","Engenharia Química",33,0,65,0,2,0,0
2021,"1. Semestre","D200888","50",13,"P148855320","313","Curso de Engenharia de Produção",0,0,100,0,0,0,0
2021,"1. Semestre","D200888","50",2,"P148855320","302","Engenharia Civil",0,0,100,0,0,0,0
2021,"2. Semestre","D200888","10",2,"P888402148","313","Curso de Engenharia de Produção",6,8,78,0,0,8,0
2021,"2. Semestre","D200888","11",16,"P394200218","402","Engenharia Florestal",66,0,30,0,4,0,0
2021,"2. Semestre","D200888","12",13,"P148855320","307","Ciência da Computação - Bacharelado",27,0,61,12,0,0,0
2021,"2. Semestre","D200888","13",16,"P946200888","302","Engenharia Civil",34,2,64,0,0,0,0
2021,"2. Semestre","D200888","14",2,"P512200642","305","Engenharia Química",5,3,93,0,0,0,0
2021,"2. Semestre","D200888","15",25,"P200218642","504","Ciências Econômicas - Noturno",48,0,44,8,0,0,0
2021,"2. Semestre","D200888","T50REA",17,"P394200218","305","Engenharia Química",81,0,19,0,0,0,0
2022,"1. Semestre","D200888","10",5,"P512200642","123","Física - Bacharelado",36,0,21,7,0,0,36
2022,"1. Semestre","D200888","11",1,"P512200642","402","Engenharia Florestal",3,0,13,0,10,0,74
2022,"1. Semestre","D200888","12",1,"P148855320","110","Química Industrial",14,0,43,43,0,0,0
2022,"1. Semestre","D200888","12",12,"P148855320","133","Química - Bacharelado",0,0,100,0,0,0,0
2022,"1. Semestre","D200888","13",15,"P855200218","302","Engenharia Civil",33,7,39,0,0,2,20
2022,"1. Semestre","D200888","14",10,"P855200218","305","Engenharia Química",22,0,47,0,0,0,31
2022,"1. Semestre","D200888","15",6,"P681200683","139","Curso de Bacharelado em Estatística - Noturno",35,6,0,0,0,0,59
2022,"1. Semestre","D200888","16",2,"P512200642","521","Ciências Econômicas - Diurno",5,0,30,0,0,0,65
2022,"1. Semestre","D200888","50",12,"P512200642","313","Curso de Engenharia de Produção",0,0,92,8,0,0,0
2022,"2. Semestre","D200888","10",1,"P888683320","504","Ciências Econômicas - Noturno",29,0,12,0,0,2,57
2022,"2. Semestre","D200888","11",4,"P893683855","402","Engenharia Florestal",5,0,0,0,0,0,0
2022,"2. Semestre","D200888","11",4,"P855200380","402","Engenharia Florestal",5,0,0,0,0,0,0
2022,"2. Semestre","D200888","11",3,"P893683855","402","Engenharia Florestal",0,0,0,0,4,0,0
2022,"2. Semestre","D200888","11",3,"P855200380","402","Engenharia Florestal",0,0,0,0,4,0,0
2022,"2. Semestre","D200888","11",27,"P893683855","402","Engenharia Florestal",0,0,0,0,0,0,36
2022,"2. Semestre","D200888","11",27,"P855200380","402","Engenharia Florestal",0,0,0,0,0,0,36
2022,"2. Semestre","D200888","11",3,"P893683855","402","Engenharia Florestal",0,0,4,0,0,0,0
2022,"2. Semestre","D200888","11",3,"P855200380","402","Engenharia Florestal",0,0,4,0,0,0,0
2022,"2. Semestre","D200888","12",14,"P893683855","307","Ciência da Computação - Bacharelado",18,0,0,0,0,0,0
2022,"2. Semestre","D200888","12",14,"J0000001111","307","Ciência da Computação - Bacharelado",18,0,0,0,0,0,0
2022,"2. Semestre","D200888","12",12,"P893683855","307","Ciência da Computação - Bacharelado",0,0,0,0,0,0,16
2022,"2. Semestre","D200888","12",12,"J0000001111","307","Ciência da Computação - Bacharelado",0,0,0,0,0,0,16
2022,"2. Semestre","D200888","12",12,"P893683855","307","Ciência da Computação - Bacharelado",0,0,16,0,0,0,0
2022,"2. Semestre","D200888","12",12,"J0000001111","307","Ciência da Computação - Bacharelado",0,0,16,0,0,0,0
2022,"2. Semestre","D200888","13",9,"P642380402","302","Engenharia Civil",18,6,31,0,0,0,45
2022,"2. Semestre","D200888","14",9,"M000001111","305","Engenharia Química",19,0,30,0,0,2,49
2022,"2. Semestre","D200888","15",10,"P681200683","313","Curso de Engenharia de Produção",36,4,18,0,0,0,43
2022,"2. Semestre","D200888","50",1,"P888683320","110","Química Industrial",0,0,100,0,0,0,0
2022,"2. Semestre","D200888","50",4,"P888683320","302","Engenharia Civil",100,0,0,0,0,0,0
2023,"1. Semestre","D200888","10",9,"P642380402","123","Física - Bacharelado",38,0,29,0,0,0,33
2023,"1. Semestre","D200888","11",13,"P888683642","402","Engenharia Florestal",45,0,17,0,0,0,38
2023,"1. Semestre","D200888","12",5,"P380148200","110","Química Industrial",29,0,41,0,0,0,29
2023,"1. Semestre","D200888","12",7,"P380148200","133","Química - Bacharelado",44,0,31,0,0,0,25
2023,"1. Semestre","D200888","13",9,"P642380402","521","Ciências Econômicas - Diurno",20,0,13,0,0,2,64
2023,"1. Semestre","D200888","14",8,"P888402148","305","Engenharia Química",23,0,37,0,0,0,40
2023,"1. Semestre","D200888","15",10,"P888402148","139","Curso de Bacharelado em Estatística - Noturno",43,0,22,0,0,0,35
2023,"1. Semestre","D200888","50",1,"P380148200","305","Engenharia Química",0,0,100,0,0,0,0
2023,"2. Semestre","D200888","10",19,"P380148200","504","Ciências Econômicas - Noturno",36,0,30,0,0,4,30
2023,"2. Semestre","D200888","102",5,"P642380402","102","Física - Licenciatura Plena",29,0,12,0,0,0,59
2023,"2. Semestre","D200888","11",11,"P888683320","402","Engenharia Florestal",24,0,36,0,2,0,38
2023,"2. Semestre","D200888","12_307",38,"P681200683","307","Ciência da Computação - Bacharelado",78,2,6,0,0,2,12
2023,"2. Semestre","D200888","126",5,"P888683320","126","Física - Licenciatura Plena Noturno",29,0,12,0,0,0,59
2023,"2. Semestre","D200888","50",1,"P380148200","305","Engenharia Química",50,0,50,0,0,0,0
2023,"2. Semestre","D200888","50",1,"P380148200","110","Química Industrial",100,0,0,0,0,0,0
2021,"1. Semestre","D320200","10",30,"B461200642855","313","Curso de Engenharia de Produção",0,0,13,0,0,0,0
2021,"1. Semestre","D320200","10",4,"B200380461148","309","Curso de Engenharia Sanitária e Ambiental",3,0,0,0,0,0,0
2021,"1. Semestre","D320200","10",4,"B320888200683","309","Curso de Engenharia Sanitária e Ambiental",3,0,0,0,0,0,0
2021,"1. Semestre","D320200","10",4,"B512402380642","309","Curso de Engenharia Sanitária e Ambiental",3,0,0,0,0,0,0
2021,"1. Semestre","D320200","10",4,"B888642512642","309","Curso de Engenharia Sanitária e Ambiental",3,0,0,0,0,0,0
2021,"1. Semestre","D320200","10",4,"B292200218320","309","Curso de Engenharia Sanitária e Ambiental",3,0,0,0,0,0,0
2021,"1. Semestre","D320200","10",4,"B461200642855","309","Curso de Engenharia Sanitária e Ambiental",3,0,0,0,0,0,0
2021,"1. Semestre","D320200","10",2,"B200380461148","309","Curso de Engenharia Sanitária e Ambiental",0,0,0,0,2,0,0
2021,"1. Semestre","D320200","10",2,"B320888200683","309","Curso de Engenharia Sanitária e Ambiental",0,0,0,0,2,0,0
2021,"1. Semestre","D320200","10",2,"B512402380642","309","Curso de Engenharia Sanitária e Ambiental",0,0,0,0,2,0,0
2021,"1. Semestre","D320200","10",2,"B888642512642","309","Curso de Engenharia Sanitária e Ambiental",0,0,0,0,2,0,0
2021,"1. Semestre","D320200","10",2,"B292200218320","309","Curso de Engenharia Sanitária e Ambiental",0,0,0,0,2,0,0
2021,"1. Semestre","D320200","10",2,"B461200642855","309","Curso de Engenharia Sanitária e Ambiental",0,0,0,0,2,0,0
2021,"1. Semestre","D320200","10",15,"B200380461148","309","Curso de Engenharia Sanitária e Ambiental",0,0,12,0,0,0,0
2021,"1. Semestre","D320200","10",15,"B320888200683","309","Curso de Engenharia Sanitária e Ambiental",0,0,12,0,0,0,0
2021,"1. Semestre","D320200","10",15,"B512402380642","309","Curso de Engenharia Sanitária e Ambiental",0,0,12,0,0,0,0
2021,"1. Semestre","D320200","10",15,"B888642512642","309","Curso de Engenharia Sanitária e Ambiental",0,0,12,0,0,0,0
2021,"1. Semestre","D320200","10",15,"B292200218320","309","Curso de Engenharia Sanitária e Ambiental",0,0,12,0,0,0,0
2021,"1. Semestre","D320200","10",15,"B461200642855","309","Curso de Engenharia Sanitária e Ambiental",0,0,12,0,0,0,0
2021,"1. Semestre","D320200","10",6,"B200380461148","313","Curso de Engenharia de Produção",3,0,0,0,0,0,0
2021,"1. Semestre","D320200","10",6,"B320888200683","313","Curso de Engenharia de Produção",3,0,0,0,0,0,0
2021,"1. Semestre","D320200","10",6,"B512402380642","313","Curso de Engenharia de Produção",3,0,0,0,0,0,0
2021,"1. Semestre","D320200","10",6,"B888642512642","313","Curso de Engenharia de Produção",3,0,0,0,0,0,0
2021,"1. Semestre","D320200","10",6,"B292200218320","313","Curso de Engenharia de Produção",3,0,0,0,0,0,0
2021,"1. Semestre","D320200","10",6,"B461200642855","313","Curso de Engenharia de Produção",3,0,0,0,0,0,0
2021,"1. Semestre","D320200","10",30,"B200380461148","313","Curso de Engenharia de Produção",0,0,13,0,0,0,0
2021,"1. Semestre","D320200","10",30,"B320888200683","313","Curso de Engenharia de Produção",0,0,13,0,0,0,0
2021,"1. Semestre","D320200","10",30,"B512402380642","313","Curso de Engenharia de Produção",0,0,13,0,0,0,0
2021,"1. Semestre","D320200","10",30,"B888642512642","313","Curso de Engenharia de Produção",0,0,13,0,0,0,0
2021,"1. Semestre","D320200","10",30,"B292200218320","313","Curso de Engenharia de Produção",0,0,13,0,0,0,0
2021,"1. Semestre","D320200","10",2,"B200380461148","313","Curso de Engenharia de Produção",0,0,0,1,0,0,0
2021,"1. Semestre","D320200","10",2,"B320888200683","313","Curso de Engenharia de Produção",0,0,0,1,0,0,0
2021,"1. Semestre","D320200","10",2,"B512402380642","313","Curso de Engenharia de Produção",0,0,0,1,0,0,0
2021,"1. Semestre","D320200","10",2,"B888642512642","313","Curso de Engenharia de Produção",0,0,0,1,0,0,0
2021,"1. Semestre","D320200","10",2,"B292200218320","313","Curso de Engenharia de Produção",0,0,0,1,0,0,0
2021,"1. Semestre","D320200","10",2,"B461200642855","313","Curso de Engenharia de Produção",0,0,0,1,0,0,0
2021,"1. Semestre","D320200","11",1,"B461200642855","312","Curso de Engenharia de Computação",0,0,0,1,0,0,0
2021,"1. Semestre","D320200","11",5,"B200380461148","312","Curso de Engenharia de Computação",3,0,0,0,0,0,0
2021,"1. Semestre","D320200","11",5,"B320888200683","312","Curso de Engenharia de Computação",3,0,0,0,0,0,0
2021,"1. Semestre","D320200","11",5,"B512402380642","312","Curso de Engenharia de Computação",3,0,0,0,0,0,0
2021,"1. Semestre","D320200","11",5,"B888642512642","312","Curso de Engenharia de Computação",3,0,0,0,0,0,0
2021,"1. Semestre","D320200","11",5,"B292200218320","312","Curso de Engenharia de Computação",3,0,0,0,0,0,0
2021,"1. Semestre","D320200","11",5,"B461200642855","312","Curso de Engenharia de Computação",3,0,0,0,0,0,0
2021,"1. Semestre","D320200","11",1,"B200380461148","312","Curso de Engenharia de Computação",0,0,0,0,1,0,0
2021,"1. Semestre","D320200","11",1,"B320888200683","312","Curso de Engenharia de Computação",0,0,0,0,1,0,0
2021,"1. Semestre","D320200","11",1,"B512402380642","312","Curso de Engenharia de Computação",0,0,0,0,1,0,0
2021,"1. Semestre","D320200","11",1,"B888642512642","312","Curso de Engenharia de Computação",0,0,0,0,1,0,0
2021,"1. Semestre","D320200","11",1,"B292200218320","312","Curso de Engenharia de Computação",0,0,0,0,1,0,0
2021,"1. Semestre","D320200","11",1,"B461200642855","312","Curso de Engenharia de Computação",0,0,0,0,1,0,0
2021,"1. Semestre","D320200","11",17,"B200380461148","312","Curso de Engenharia de Computação",0,0,12,0,0,0,0
2021,"1. Semestre","D320200","11",17,"B320888200683","312","Curso de Engenharia de Computação",0,0,12,0,0,0,0
2021,"1. Semestre","D320200","11",17,"B512402380642","312","Curso de Engenharia de Computação",0,0,12,0,0,0,0
2021,"1. Semestre","D320200","11",17,"B888642512642","312","Curso de Engenharia de Computação",0,0,12,0,0,0,0
2021,"1. Semestre","D320200","11",17,"B292200218320","312","Curso de Engenharia de Computação",0,0,12,0,0,0,0
2021,"1. Semestre","D320200","11",17,"B461200642855","312","Curso de Engenharia de Computação",0,0,12,0,0,0,0
2021,"1. Semestre","D320200","11",1,"B200380461148","312","Curso de Engenharia de Computação",0,0,0,1,0,0,0
2021,"1. Semestre","D320200","11",1,"B320888200683","312","Curso de Engenharia de Computação",0,0,0,1,0,0,0
2021,"1. Semestre","D320200","11",1,"B512402380642","312","Curso de Engenharia de Computação",0,0,0,1,0,0,0
2021,"1. Semestre","D320200","11",1,"B888642512642","312","Curso de Engenharia de Computação",0,0,0,1,0,0,0
2021,"1. Semestre","D320200","11",1,"B292200218320","312","Curso de Engenharia de Computação",0,0,0,1,0,0,0
2021,"1. Semestre","D320200","12",7,"B200380461148","302","Engenharia Civil",3,0,0,0,0,0,0
2021,"1. Semestre","D320200","12",7,"B320888200683","302","Engenharia Civil",3,0,0,0,0,0,0
2021,"1. Semestre","D320200","12",7,"B512402380642","302","Engenharia Civil",3,0,0,0,0,0,0
2021,"1. Semestre","D320200","12",7,"B888642512642","302","Engenharia Civil",3,0,0,0,0,0,0
2021,"1. Semestre","D320200","12",7,"B292200218320","302","Engenharia Civil",3,0,0,0,0,0,0
2021,"1. Semestre","D320200","12",7,"B461200642855","302","Engenharia Civil",3,0,0,0,0,0,0
2021,"1. Semestre","D320200","12",1,"B200380461148","302","Engenharia Civil",0,0,0,0,0,0,0
2021,"1. Semestre","D320200","12",1,"B320888200683","302","Engenharia Civil",0,0,0,0,0,0,0
2021,"1. Semestre","D320200","12",1,"B512402380642","302","Engenharia Civil",0,0,0,0,0,0,0
2021,"1. Semestre","D320200","12",1,"B888642512642","302","Engenharia Civil",0,0,0,0,0,0,0
2021,"1. Semestre","D320200","12",1,"B292200218320","302","Engenharia Civil",0,0,0,0,0,0,0
2021,"1. Semestre","D320200","12",1,"B461200642855","302","Engenharia Civil",0,0,0,0,0,0,0
2021,"1. Semestre","D320200","12",28,"B200380461148","302","Engenharia Civil",0,0,12,0,0,0,0
2021,"1. Semestre","D320200","12",28,"B320888200683","302","Engenharia Civil",0,0,12,0,0,0,0
2021,"1. Semestre","D320200","12",28,"B512402380642","302","Engenharia Civil",0,0,12,0,0,0,0
2021,"1. Semestre","D320200","12",28,"B888642512642","302","Engenharia Civil",0,0,12,0,0,0,0
2021,"1. Semestre","D320200","12",28,"B292200218320","302","Engenharia Civil",0,0,12,0,0,0,0
2021,"1. Semestre","D320200","12",28,"B461200642855","302","Engenharia Civil",0,0,12,0,0,0,0
2021,"1. Semestre","D320200","12",2,"B200380461148","302","Engenharia Civil",0,0,0,1,0,0,0
2021,"1. Semestre","D320200","12",2,"B320888200683","302","Engenharia Civil",0,0,0,1,0,0,0
2021,"1. Semestre","D320200","12",2,"B512402380642","302","Engenharia Civil",0,0,0,1,0,0,0
2021,"1. Semestre","D320200","12",2,"B888642512642","302","Engenharia Civil",0,0,0,1,0,0,0
2021,"1. Semestre","D320200","12",2,"B292200218320","302","Engenharia Civil",0,0,0,1,0,0,0
2021,"1. Semestre","D320200","12",2,"B461200642855","302","Engenharia Civil",0,0,0,1,0,0,0
2021,"1. Semestre","D320200","13",11,"B461200642855","303","Engenharia Elétrica",5,0,0,0,0,0,0
2021,"1. Semestre","D320200","13",11,"B200380461148","303","Engenharia Elétrica",5,0,0,0,0,0,0
2021,"1. Semestre","D320200","13",11,"B320888200683","303","Engenharia Elétrica",5,0,0,0,0,0,0
2021,"1. Semestre","D320200","13",11,"B512402380642","303","Engenharia Elétrica",5,0,0,0,0,0,0
2021,"1. Semestre","D320200","13",11,"B888642512642","303","Engenharia Elétrica",5,0,0,0,0,0,0
2021,"1. Semestre","D320200","13",11,"B292200218320","303","Engenharia Elétrica",5,0,0,0,0,0,0
2021,"1. Semestre","D320200","13",28,"B200380461148","303","Engenharia Elétrica",0,0,12,0,0,0,0
2021,"1. Semestre","D320200","13",28,"B320888200683","303","Engenharia Elétrica",0,0,12,0,0,0,0
2021,"1. Semestre","D320200","13",28,"B512402380642","303","Engenharia Elétrica",0,0,12,0,0,0,0
2021,"1. Semestre","D320200","13",28,"B888642512642","303","Engenharia Elétrica",0,0,12,0,0,0,0
2021,"1. Semestre","D320200","13",28,"B292200218320","303","Engenharia Elétrica",0,0,12,0,0,0,0
2021,"1. Semestre","D320200","13",28,"B461200642855","303","Engenharia Elétrica",0,0,12,0,0,0,0
2021,"1. Semestre","D320200","14",5,"B200380461148","304","Engenharia Mecânica",3,0,0,0,0,0,0
2021,"1. Semestre","D320200","14",5,"B320888200683","304","Engenharia Mecânica",3,0,0,0,0,0,0
2021,"1. Semestre","D320200","14",5,"B512402380642","304","Engenharia Mecânica",3,0,0,0,0,0,0
2021,"1. Semestre","D320200","14",5,"B888642512642","304","Engenharia Mecânica",3,0,0,0,0,0,0
2021,"1. Semestre","D320200","14",5,"B292200218320","304","Engenharia Mecânica",3,0,0,0,0,0,0
2021,"1. Semestre","D320200","14",5,"B461200642855","304","Engenharia Mecânica",3,0,0,0,0,0,0
2021,"1. Semestre","D320200","14",1,"B200380461148","304","Engenharia Mecânica",0,0,0,0,1,0,0
2021,"1. Semestre","D320200","14",1,"B320888200683","304","Engenharia Mecânica",0,0,0,0,1,0,0
2021,"1. Semestre","D320200","14",1,"B512402380642","304","Engenharia Mecânica",0,0,0,0,1,0,0
2021,"1. Semestre","D320200","14",1,"B888642512642","304","Engenharia Mecânica",0,0,0,0,1,0,0
2021,"1. Semestre","D320200","14",1,"B292200218320","304","Engenharia Mecânica",0,0,0,0,1,0,0
2021,"1. Semestre","D320200","14",1,"B461200642855","304","Engenharia Mecânica",0,0,0,0,1,0,0
2021,"1. Semestre","D320200","14",24,"B200380461148","304","Engenharia Mecânica",0,0,13,0,0,0,0
2021,"1. Semestre","D320200","14",24,"B320888200683","304","Engenharia Mecânica",0,0,13,0,0,0,0
2021,"1. Semestre","D320200","14",24,"B512402380642","304","Engenharia Mecânica",0,0,13,0,0,0,0
2021,"1. Semestre","D320200","14",24,"B888642512642","304","Engenharia Mecânica",0,0,13,0,0,0,0
2021,"1. Semestre","D320200","14",24,"B292200218320","304","Engenharia Mecânica",0,0,13,0,0,0,0
2021,"1. Semestre","D320200","14",24,"B461200642855","304","Engenharia Mecânica",0,0,13,0,0,0,0
2021,"1. Semestre","D320200","15",12,"B461200642855","315","Curso de Engenharia Aeroespacial",9,0,0,0,0,0,0
2021,"1. Semestre","D320200","15",12,"B200380461148","315","Curso de Engenharia Aeroespacial",9,0,0,0,0,0,0
2021,"1. Semestre","D320200","15",12,"B320888200683","315","Curso de Engenharia Aeroespacial",9,0,0,0,0,0,0
2021,"1. Semestre","D320200","15",12,"B512402380642","315","Curso de Engenharia Aeroespacial",9,0,0,0,0,0,0
2021,"1. Semestre","D320200","15",12,"B888642512642","315","Curso de Engenharia Aeroespacial",9,0,0,0,0,0,0
2021,"1. Semestre","D320200","15",12,"B292200218320","315","Curso de Engenharia Aeroespacial",9,0,0,0,0,0,0
2021,"1. Semestre","D320200","15",1,"B200380461148","315","Curso de Engenharia Aeroespacial",0,0,0,0,1,0,0
2021,"1. Semestre","D320200","15",1,"B320888200683","315","Curso de Engenharia Aeroespacial",0,0,0,0,1,0,0
2021,"1. Semestre","D320200","15",1,"B512402380642","315","Curso de Engenharia Aeroespacial",0,0,0,0,1,0,0
2021,"1. Semestre","D320200","15",1,"B888642512642","315","Curso de Engenharia Aeroespacial",0,0,0,0,1,0,0
2021,"1. Semestre","D320200","15",1,"B292200218320","315","Curso de Engenharia Aeroespacial",0,0,0,0,1,0,0
2021,"1. Semestre","D320200","15",1,"B461200642855","315","Curso de Engenharia Aeroespacial",0,0,0,0,1,0,0
2021,"1. Semestre","D320200","15",9,"B200380461148","315","Curso de Engenharia Aeroespacial",0,0,7,0,0,0,0
2021,"1. Semestre","D320200","15",9,"B320888200683","315","Curso de Engenharia Aeroespacial",0,0,7,0,0,0,0
2021,"1. Semestre","D320200","15",9,"B512402380642","315","Curso de Engenharia Aeroespacial",0,0,7,0,0,0,0
2021,"1. Semestre","D320200","15",9,"B888642512642","315","Curso de Engenharia Aeroespacial",0,0,7,0,0,0,0
2021,"1. Semestre","D320200","15",9,"B292200218320","315","Curso de Engenharia Aeroespacial",0,0,7,0,0,0,0
2021,"1. Semestre","D320200","15",9,"B461200642855","315","Curso de Engenharia Aeroespacial",0,0,7,0,0,0,0
2021,"1. Semestre","D320200","16",1,"B461200642855","307","Ciência da Computação - Bacharelado",0,0,0,1,0,0,0
2021,"1. Semestre","D320200","16",6,"B200380461148","307","Ciência da Computação - Bacharelado",5,0,0,0,0,0,0
2021,"1. Semestre","D320200","16",6,"B320888200683","307","Ciência da Computação - Bacharelado",5,0,0,0,0,0,0
2021,"1. Semestre","D320200","16",6,"B512402380642","307","Ciência da Computação - Bacharelado",5,0,0,0,0,0,0
2021,"1. Semestre","D320200","16",6,"B888642512642","307","Ciência da Computação - Bacharelado",5,0,0,0,0,0,0
2021,"1. Semestre","D320200","16",6,"B292200218320","307","Ciência da Computação - Bacharelado",5,0,0,0,0,0,0
2021,"1. Semestre","D320200","16",6,"B461200642855","307","Ciência da Computação - Bacharelado",5,0,0,0,0,0,0
2021,"1. Semestre","D320200","16",15,"B200380461148","307","Ciência da Computação - Bacharelado",0,0,11,0,0,0,0
2021,"1. Semestre","D320200","16",15,"B320888200683","307","Ciência da Computação - Bacharelado",0,0,11,0,0,0,0
2021,"1. Semestre","D320200","16",15,"B512402380642","307","Ciência da Computação - Bacharelado",0,0,11,0,0,0,0
2021,"1. Semestre","D320200","16",15,"B888642512642","307","Ciência da Computação - Bacharelado",0,0,11,0,0,0,0
2021,"1. Semestre","D320200","16",15,"B292200218320","307","Ciência da Computação - Bacharelado",0,0,11,0,0,0,0
2021,"1. Semestre","D320200","16",15,"B461200642855","307","Ciência da Computação - Bacharelado",0,0,11,0,0,0,0
2021,"1. Semestre","D320200","16",1,"B200380461148","307","Ciência da Computação - Bacharelado",0,0,0,1,0,0,0
2021,"1. Semestre","D320200","16",1,"B320888200683","307","Ciência da Computação - Bacharelado",0,0,0,1,0,0,0
2021,"1. Semestre","D320200","16",1,"B512402380642","307","Ciência da Computação - Bacharelado",0,0,0,1,0,0,0
2021,"1. Semestre","D320200","16",1,"B888642512642","307","Ciência da Computação - Bacharelado",0,0,0,1,0,0,0
2021,"1. Semestre","D320200","16",1,"B292200218320","307","Ciência da Computação - Bacharelado",0,0,0,1,0,0,0
2021,"1. Semestre","D320200","17",9,"B200380461148","310","Curso Engenharia de Controle e Automação",4,0,0,0,0,0,0
2021,"1. Semestre","D320200","17",9,"B320888200683","310","Curso Engenharia de Controle e Automação",4,0,0,0,0,0,0
2021,"1. Semestre","D320200","17",9,"B512402380642","310","Curso Engenharia de Controle e Automação",4,0,0,0,0,0,0
2021,"1. Semestre","D320200","17",9,"B888642512642","310","Curso Engenharia de Controle e Automação",4,0,0,0,0,0,0
2021,"1. Semestre","D320200","17",9,"B292200218320","310","Curso Engenharia de Controle e Automação",4,0,0,0,0,0,0
2021,"1. Semestre","D320200","17",9,"B461200642855","310","Curso Engenharia de Controle e Automação",4,0,0,0,0,0,0
2021,"1. Semestre","D320200","17",2,"B200380461148","310","Curso Engenharia de Controle e Automação",0,0,0,0,1,0,0
2021,"1. Semestre","D320200","17",2,"B320888200683","310","Curso Engenharia de Controle e Automação",0,0,0,0,1,0,0
2021,"1. Semestre","D320200","17",2,"B512402380642","310","Curso Engenharia de Controle e Automação",0,0,0,0,1,0,0
2021,"1. Semestre","D320200","17",2,"B888642512642","310","Curso Engenharia de Controle e Automação",0,0,0,0,1,0,0
2021,"1. Semestre","D320200","17",2,"B292200218320","310","Curso Engenharia de Controle e Automação",0,0,0,0,1,0,0
2021,"1. Semestre","D320200","17",2,"B461200642855","310","Curso Engenharia de Controle e Automação",0,0,0,0,1,0,0
2021,"1. Semestre","D320200","17",26,"B200380461148","310","Curso Engenharia de Controle e Automação",0,0,11,0,0,0,0
2021,"1. Semestre","D320200","17",26,"B320888200683","310","Curso Engenharia de Controle e Automação",0,0,11,0,0,0,0
2021,"1. Semestre","D320200","17",26,"B512402380642","310","Curso Engenharia de Controle e Automação",0,0,11,0,0,0,0
2021,"1. Semestre","D320200","17",26,"B888642512642","310","Curso Engenharia de Controle e Automação",0,0,11,0,0,0,0
2021,"1. Semestre","D320200","17",26,"B292200218320","310","Curso Engenharia de Controle e Automação",0,0,11,0,0,0,0
2021,"1. Semestre","D320200","17",26,"B461200642855","310","Curso Engenharia de Controle e Automação",0,0,11,0,0,0,0
2021,"1. Semestre","D320200","17",2,"B200380461148","310","Curso Engenharia de Controle e Automação",0,0,0,1,0,0,0
2021,"1. Semestre","D320200","17",2,"B320888200683","310","Curso Engenharia de Controle e Automação",0,0,0,1,0,0,0
2021,"1. Semestre","D320200","17",2,"B512402380642","310","Curso Engenharia de Controle e Automação",0,0,0,1,0,0,0
2021,"1. Semestre","D320200","17",2,"B888642512642","310","Curso Engenharia de Controle e Automação",0,0,0,1,0,0,0
2021,"1. Semestre","D320200","17",2,"B292200218320","310","Curso Engenharia de Controle e Automação",0,0,0,1,0,0,0
2021,"1. Semestre","D320200","17",2,"B461200642855","310","Curso Engenharia de Controle e Automação",0,0,0,1,0,0,0
2021,"1. Semestre","D320200","18",7,"B461200642855","311","Curso de Engenharia Acústica",3,0,0,0,0,0,0
2021,"1. Semestre","D320200","18",7,"B200380461148","311","Curso de Engenharia Acústica",3,0,0,0,0,0,0
2021,"1. Semestre","D320200","18",7,"B320888200683","311","Curso de Engenharia Acústica",3,0,0,0,0,0,0
2021,"1. Semestre","D320200","18",7,"B512402380642","311","Curso de Engenharia Acústica",3,0,0,0,0,0,0
2021,"1. Semestre","D320200","18",7,"B888642512642","311","Curso de Engenharia Acústica",3,0,0,0,0,0,0
2021,"1. Semestre","D320200","18",7,"B292200218320","311","Curso de Engenharia Acústica",3,0,0,0,0,0,0
2021,"1. Semestre","D320200","18",1,"B200380461148","311","Curso de Engenharia Acústica",0,0,0,0,0,0,0
2021,"1. Semestre","D320200","18",1,"B320888200683","311","Curso de Engenharia Acústica",0,0,0,0,0,0,0
2021,"1. Semestre","D320200","18",1,"B512402380642","311","Curso de Engenharia Acústica",0,0,0,0,0,0,0
2021,"1. Semestre","D320200","18",1,"B888642512642","311","Curso de Engenharia Acústica",0,0,0,0,0,0,0
2021,"1. Semestre","D320200","18",1,"B292200218320","311","Curso de Engenharia Acústica",0,0,0,0,0,0,0
2021,"1. Semestre","D320200","18",1,"B461200642855","311","Curso de Engenharia Acústica",0,0,0,0,0,0,0
2021,"1. Semestre","D320200","18",1,"B200380461148","311","Curso de Engenharia Acústica",0,0,0,0,0,0,0
2021,"1. Semestre","D320200","18",1,"B320888200683","311","Curso de Engenharia Acústica",0,0,0,0,0,0,0
2021,"1. Semestre","D320200","18",1,"B512402380642","311","Curso de Engenharia Acústica",0,0,0,0,0,0,0
2021,"1. Semestre","D320200","18",1,"B888642512642","311","Curso de Engenharia Acústica",0,0,0,0,0,0,0
2021,"1. Semestre","D320200","18",1,"B292200218320","311","Curso de Engenharia Acústica",0,0,0,0,0,0,0
2021,"1. Semestre","D320200","18",1,"B461200642855","311","Curso de Engenharia Acústica",0,0,0,0,0,0,0
2021,"1. Semestre","D320200","18",28,"B200380461148","311","Curso de Engenharia Acústica",0,0,11,0,0,0,0
2021,"1. Semestre","D320200","18",28,"B320888200683","311","Curso de Engenharia Acústica",0,0,11,0,0,0,0
2021,"1. Semestre","D320200","18",28,"B512402380642","311","Curso de Engenharia Acústica",0,0,11,0,0,0,0
2021,"1. Semestre","D320200","18",28,"B888642512642","311","Curso de Engenharia Acústica",0,0,11,0,0,0,0
2021,"1. Semestre","D320200","18",28,"B292200218320","311","Curso de Engenharia Acústica",0,0,11,0,0,0,0
2021,"1. Semestre","D320200","18",28,"B461200642855","311","Curso de Engenharia Acústica",0,0,11,0,0,0,0
2021,"1. Semestre","D320200","18",4,"B200380461148","311","Curso de Engenharia Acústica",0,0,0,2,0,0,0
2021,"1. Semestre","D320200","18",4,"B320888200683","311","Curso de Engenharia Acústica",0,0,0,2,0,0,0
2021,"1. Semestre","D320200","18",4,"B512402380642","311","Curso de Engenharia Acústica",0,0,0,2,0,0,0
2021,"1. Semestre","D320200","18",4,"B888642512642","311","Curso de Engenharia Acústica",0,0,0,2,0,0,0
2021,"1. Semestre","D320200","18",4,"B292200218320","311","Curso de Engenharia Acústica",0,0,0,2,0,0,0
2021,"1. Semestre","D320200","18",4,"B461200642855","311","Curso de Engenharia Acústica",0,0,0,2,0,0,0
2021,"1. Semestre","D320200","19",14,"B461200642855","305","Engenharia Química",6,0,0,0,0,0,0
2021,"1. Semestre","D320200","19",14,"B200380461148","305","Engenharia Química",6,0,0,0,0,0,0
2021,"1. Semestre","D320200","19",14,"B320888200683","305","Engenharia Química",6,0,0,0,0,0,0
2021,"1. Semestre","D320200","19",14,"B512402380642","305","Engenharia Química",6,0,0,0,0,0,0
2021,"1. Semestre","D320200","19",14,"B888642512642","305","Engenharia Química",6,0,0,0,0,0,0
2021,"1. Semestre","D320200","19",14,"B292200218320","305","Engenharia Química",6,0,0,0,0,0,0
2021,"1. Semestre","D320200","19",1,"B200380461148","305","Engenharia Química",0,0,0,0,0,0,0
2021,"1. Semestre","D320200","19",1,"B320888200683","305","Engenharia Química",0,0,0,0,0,0,0
2021,"1. Semestre","D320200","19",1,"B512402380642","305","Engenharia Química",0,0,0,0,0,0,0
2021,"1. Semestre","D320200","19",1,"B888642512642","305","Engenharia Química",0,0,0,0,0,0,0
2021,"1. Semestre","D320200","19",1,"B292200218320","305","Engenharia Química",0,0,0,0,0,0,0
2021,"1. Semestre","D320200","19",1,"B461200642855","305","Engenharia Química",0,0,0,0,0,0,0
2021,"1. Semestre","D320200","19",21,"B200380461148","305","Engenharia Química",0,0,10,0,0,0,0
2021,"1. Semestre","D320200","19",21,"B320888200683","305","Engenharia Química",0,0,10,0,0,0,0
2021,"1. Semestre","D320200","19",21,"B512402380642","305","Engenharia Química",0,0,10,0,0,0,0
2021,"1. Semestre","D320200","19",21,"B888642512642","305","Engenharia Química",0,0,10,0,0,0,0
2021,"1. Semestre","D320200","19",21,"B292200218320","305","Engenharia Química",0,0,10,0,0,0,0
2021,"1. Semestre","D320200","19",21,"B461200642855","305","Engenharia Química",0,0,10,0,0,0,0
2021,"1. Semestre","D320200","50",10,"B200380461148","305","Engenharia Química",0,0,100,0,0,0,0
2021,"1. Semestre","D320200","50",1,"B200380461148","302","Engenharia Civil",0,0,100,0,0,0,0
2021,"2. Semestre","D320200","10",40,"B806642512402","315","Curso de Engenharia Aeroespacial",80,0,16,2,2,0,0
2021,"2. Semestre","D320200","11",1,"B461200642855","133","Química - Bacharelado",0,0,0,1,0,0,0
2021,"2. Semestre","D320200","11",2,"B200380461148","133","Química - Bacharelado",3,0,0,0,0,0,0
2021,"2. Semestre","D320200","11",2,"B292200218320","133","Química - Bacharelado",3,0,0,0,0,0,0
2021,"2. Semestre","D320200","11",2,"B461200642855","133","Química - Bacharelado",3,0,0,0,0,0,0
2021,"2. Semestre","D320200","11",2,"B200380461148","133","Química - Bacharelado",0,0,0,0,3,0,0
2021,"2. Semestre","D320200","11",2,"B292200218320","133","Química - Bacharelado",0,0,0,0,3,0,0
2021,"2. Semestre","D320200","11",2,"B461200642855","133","Química - Bacharelado",0,0,0,0,3,0,0
2021,"2. Semestre","D320200","11",18,"B200380461148","133","Química - Bacharelado",0,0,26,0,0,0,0
2021,"2. Semestre","D320200","11",18,"B292200218320","133","Química - Bacharelado",0,0,26,0,0,0,0
2021,"2. Semestre","D320200","11",18,"B461200642855","133","Química - Bacharelado",0,0,26,0,0,0,0
2021,"2. Semestre","D320200","11",1,"B200380461148","133","Química - Bacharelado",0,0,0,1,0,0,0
2021,"2. Semestre","D320200","11",1,"B292200218320","133","Química - Bacharelado",0,0,0,1,0,0,0
2021,"2. Semestre","D320200","11",7,"B200380461148","110","Química Industrial",11,0,0,0,0,0,0
2021,"2. Semestre","D320200","11",7,"B292200218320","110","Química Industrial",11,0,0,0,0,0,0
2021,"2. Semestre","D320200","11",7,"B461200642855","110","Química Industrial",11,0,0,0,0,0,0
2021,"2. Semestre","D320200","11",13,"B200380461148","110","Química Industrial",0,0,20,0,0,0,0
2021,"2. Semestre","D320200","11",13,"B292200218320","110","Química Industrial",0,0,20,0,0,0,0
2021,"2. Semestre","D320200","11",13,"B461200642855","110","Química Industrial",0,0,20,0,0,0,0
2021,"2. Semestre","D320200","11",2,"B200380461148","110","Química Industrial",0,0,0,3,0,0,0
2021,"2. Semestre","D320200","11",2,"B292200218320","110","Química Industrial",0,0,0,3,0,0,0
2021,"2. Semestre","D320200","11",2,"B461200642855","110","Química Industrial",0,0,0,3,0,0,0
2021,"2. Semestre","D320200","12",14,"B200380461148","302","Engenharia Civil",10,0,0,0,0,0,0
2021,"2. Semestre","D320200","12",14,"B292200218320","302","Engenharia Civil",10,0,0,0,0,0,0
2021,"2. Semestre","D320200","12",14,"B461200642855","302","Engenharia Civil",10,0,0,0,0,0,0
2021,"2. Semestre","D320200","12",31,"B200380461148","302","Engenharia Civil",0,0,23,0,0,0,0
2021,"2. Semestre","D320200","12",31,"B292200218320","302","Engenharia Civil",0,0,23,0,0,0,0
2021,"2. Semestre","D320200","12",31,"B461200642855","302","Engenharia Civil",0,0,23,0,0,0,0
2021,"2. Semestre","D320200","13",25,"B888642512642","303","Engenharia Elétrica",56,0,44,0,0,0,0
2021,"2. Semestre","D320200","14",13,"B200380461148","304","Engenharia Mecânica",11,0,0,0,0,0,0
2021,"2. Semestre","D320200","14",13,"B292200218320","304","Engenharia Mecânica",11,0,0,0,0,0,0
2021,"2. Semestre","D320200","14",13,"B461200642855","304","Engenharia Mecânica",11,0,0,0,0,0,0
2021,"2. Semestre","D320200","14",24,"B200380461148","304","Engenharia Mecânica",0,0,21,0,0,0,0
2021,"2. Semestre","D320200","14",24,"B292200218320","304","Engenharia Mecânica",0,0,21,0,0,0,0
2021,"2. Semestre","D320200","14",24,"B461200642855","304","Engenharia Mecânica",0,0,21,0,0,0,0
2021,"2. Semestre","D320200","14",1,"B200380461148","304","Engenharia Mecânica",0,0,0,1,0,0,0
2021,"2. Semestre","D320200","14",1,"B292200218320","304","Engenharia Mecânica",0,0,0,1,0,0,0
2021,"2. Semestre","D320200","14",1,"B461200642855","304","Engenharia Mecânica",0,0,0,1,0,0,0
2021,"2. Semestre","D320200","15",18,"B806642512402","109","Química - Licenciatura",62,0,34,3,0,0,0
2021,"2. Semestre","D320200","16",12,"B200380461148","316","Curso de Engenharia de Telecomunicações",8,0,0,0,0,0,0
2021,"2. Semestre","D320200","16",12,"B292200218320","316","Curso de Engenharia de Telecomunicações",8,0,0,0,0,0,0
2021,"2. Semestre","D320200","16",12,"B461200642855","316","Curso de Engenharia de Telecomunicações",8,0,0,0,0,0,0
2021,"2. Semestre","D320200","16",1,"B200380461148","316","Curso de Engenharia de Telecomunicações",0,0,0,0,1,0,0
2021,"2. Semestre","D320200","16",1,"B292200218320","316","Curso de Engenharia de Telecomunicações",0,0,0,0,1,0,0
2021,"2. Semestre","D320200","16",1,"B461200642855","316","Curso de Engenharia de Telecomunicações",0,0,0,0,1,0,0
2021,"2. Semestre","D320200","16",32,"B200380461148","316","Curso de Engenharia de Telecomunicações",0,0,22,0,0,0,0
2021,"2. Semestre","D320200","16",32,"B292200218320","316","Curso de Engenharia de Telecomunicações",0,0,22,0,0,0,0
2021,"2. Semestre","D320200","16",32,"B461200642855","316","Curso de Engenharia de Telecomunicações",0,0,22,0,0,0,0
2021,"2. Semestre","D320200","16",4,"B200380461148","316","Curso de Engenharia de Telecomunicações",0,0,0,3,0,0,0
2021,"2. Semestre","D320200","16",4,"B292200218320","316","Curso de Engenharia de Telecomunicações",0,0,0,3,0,0,0
2021,"2. Semestre","D320200","16",4,"B461200642855","316","Curso de Engenharia de Telecomunicações",0,0,0,3,0,0,0
2021,"2. Semestre","D320200","17",25,"B888642512642","305","Engenharia Química",64,0,33,3,0,0,0
2021,"2. Semestre","D320200","T50REA",9,"B200380461148","313","Curso de Engenharia de Produção",39,0,48,4,9,0,0
2021,"2. Semestre","D320200","T50REA",2,"B200380461148","305","Engenharia Química",100,0,0,0,0,0,0
2021,"2. Semestre","D320200","T50REA",2,"B200380461148","315","Curso de Engenharia Aeroespacial",0,0,100,0,0,0,0
2022,"1. Semestre","D320200","10",5,"B888642512642","309","Curso de Engenharia Sanitária e Ambiental",33,0,13,7,7,0,40
2022,"1. Semestre","D320200","11",7,"B292200218320","312","Curso de Engenharia de Computação",22,0,19,6,0,0,53
2022,"1. Semestre","D320200","12",44,"B200380512402","302","Engenharia Civil",45,0,0,0,0,0,0
2022,"1. Semestre","D320200","12",44,"B380148200148","302","Engenharia Civil",45,0,0,0,0,0,0
2022,"1. Semestre","D320200","12",1,"B200380512402","302","Engenharia Civil",0,0,0,0,1,0,0
2022,"1. Semestre","D320200","12",1,"B380148200148","302","Engenharia Civil",0,0,0,0,1,0,0
2022,"1. Semestre","D320200","12",4,"B200380512402","302","Engenharia Civil",0,0,4,0,0,0,0
2022,"1. Semestre","D320200","12",4,"B380148200148","302","Engenharia Civil",0,0,4,0,0,0,0
2022,"1. Semestre","D320200","13",6,"B461200642855","303","Engenharia Elétrica",21,0,32,7,4,0,36
2022,"1. Semestre","D320200","14",40,"B380148200148","304","Engenharia Mecânica",89,0,11,0,0,0,0
2022,"1. Semestre","D320200","14",39,"B380148200148","305","Engenharia Química",85,0,13,0,2,0,0
2022,"1. Semestre","D320200","15",2,"B292200218320","313","Curso de Engenharia de Produção",18,0,18,0,9,0,55
2022,"1. Semestre","D320200","16",19,"B461200642855","307","Ciência da Computação - Bacharelado",58,0,6,27,0,0,9
2022,"1. Semestre","D320200","17",10,"B888642512642","310","Curso Engenharia de Controle e Automação",30,0,33,6,0,0,30
2022,"1. Semestre","D320200","18",5,"B512402380642","311","Curso de Engenharia Acústica",17,0,72,3,7,0,0
2022,"1. Semestre","D320200","50",3,"B888642512642","110","Química Industrial",0,0,75,25,0,0,0
2022,"2. Semestre","D320200","10",7,"B888642512642","123","Física - Bacharelado",32,0,41,0,0,0,27
2022,"2. Semestre","D320200","10",29,"B888642512642","315","Curso de Engenharia Aeroespacial",60,0,38,0,0,0,2
2022,"2. Semestre","D320200","11",6,"B888642512642","133","Química - Bacharelado",46,0,15,0,0,0,38
2022,"2. Semestre","D320200","11",3,"B888642512642","110","Química Industrial",20,0,40,0,0,0,40
2022,"2. Semestre","D320200","12",5,"B292200218320","302","Engenharia Civil",56,0,44,0,0,0,0
2022,"2. Semestre","D320200","13",10,"B200380461148","303","Engenharia Elétrica",34,0,39,0,0,2,24
2022,"2. Semestre","D320200","14",43,"B200380461148","304","Engenharia Mecânica",41,0,0,0,0,0,0
2022,"2. Semestre","D320200","14",43,"B380148200148","304","Engenharia Mecânica",41,0,0,0,0,0,0
2022,"2. Semestre","D320200","14",1,"B200380461148","304","Engenharia Mecânica",0,0,0,0,1,0,0
2022,"2. Semestre","D320200","14",1,"B380148200148","304","Engenharia Mecânica",0,0,0,0,1,0,0
2022,"2. Semestre","D320200","14",9,"B200380461148","304","Engenharia Mecânica",0,0,8,0,0,0,0
2022,"2. Semestre","D320200","14",9,"B380148200148","304","Engenharia Mecânica",0,0,8,0,0,0,0
2022,"2. Semestre","D320200","14",43,"B200380461148","305","Engenharia Química",40,0,0,0,0,0,0
2022,"2. Semestre","D320200","14",43,"B380148200148","305","Engenharia Química",40,0,0,0,0,0,0
2022,"2. Semestre","D320200","14",1,"B200380461148","305","Engenharia Química",0,0,0,0,0,1,0
2022,"2. Semestre","D320200","14",1,"B380148200148","305","Engenharia Química",0,0,0,0,0,1,0
2022,"2. Semestre","D320200","14",10,"B200380461148","305","Engenharia Química",0,0,9,0,0,0,0
2022,"2. Semestre","D320200","14",10,"B380148200148","305","Engenharia Química",0,0,9,0,0,0,0
2022,"2. Semestre","D320200","15",37,"B200380461148","109","Química - Licenciatura",45,0,0,0,0,0,0
2022,"2. Semestre","D320200","15",37,"B380148200148","109","Química - Licenciatura",45,0,0,0,0,0,0
2022,"2. Semestre","D320200","15",4,"B200380461148","109","Química - Licenciatura",0,0,5,0,0,0,0
2022,"2. Semestre","D320200","15",4,"B380148200148","109","Química - Licenciatura",0,0,5,0,0,0,0
2022,"2. Semestre","D320200","16",2,"B292200218320","316","Curso de Engenharia de Telecomunicações",14,7,14,0,0,0,64
2022,"2. Semestre","D320200","50",1,"B200380461148","302","Engenharia Civil",100,0,0,0,0,0,0
2022,"2. Semestre","D320200","50",1,"B200380461148","307","Ciência da Computação - Bacharelado",100,0,0,0,0,0,0
2021,"1. Semestre","D402855","CC",10,"C946200380402","307","Ciência da Computação - Bacharelado",42,0,58,0,0,0,0
2021,"1. Semestre","D402855","SI1",2,"C200380893402","314","Bacharelado em Sistemas de Informação",29,0,71,0,0,0,0
2021,"2. Semestre","D402855","CC",6,"C292200218642","307","Ciência da Computação - Bacharelado",46,0,46,8,0,0,0
2021,"2. Semestre","D402855","SI",23,"C402380642148","314","Bacharelado em Sistemas de Informação",70,0,30,0,0,0,0
2022,"1. Semestre","D402855","CC",26,"C888148218402","307","Ciência da Computação - Bacharelado",48,0,0,0,0,0,0
2022,"1. Semestre","D402855","CC",26,"C292200218642","307","Ciência da Computação - Bacharelado",48,0,0,0,0,0,0
2022,"1. Semestre","D402855","CC",1,"C888148218402","307","Ciência da Computação - Bacharelado",0,0,2,0,0,0,0
2022,"1. Semestre","D402855","CC",1,"C292200218642","307","Ciência da Computação - Bacharelado",0,0,2,0,0,0,0
2022,"1. Semestre","D402855","SI1",3,"I200380893402","314","Bacharelado em Sistemas de Informação",50,0,0,0,0,0,0
2022,"1. Semestre","D402855","SI1",3,"E380148200148","314","Bacharelado em Sistemas de Informação",50,0,0,0,0,0,0
2022,"2. Semestre","D402855","CC",10,"C946200380402","307","Ciência da Computação - Bacharelado",56,0,17,0,0,0,28
2022,"2. Semestre","D402855","SI",28,"I200380893402","314","Bacharelado em Sistemas de Informação",33,0,0,0,0,0,0
2022,"2. Semestre","D402855","SI",28,"C200380893402","314","Bacharelado em Sistemas de Informação",33,0,0,0,0,0,0
2022,"2. Semestre","D402855","SI",14,"I200380893402","314","Bacharelado em Sistemas de Informação",0,0,17,0,0,0,0
2022,"2. Semestre","D402855","SI",14,"C200380893402","314","Bacharelado em Sistemas de Informação",0,0,17,0,0,0,0
2023,"1. Semestre","D402855","CC",22,"E642946200380","307","Ciência da Computação - Bacharelado",81,0,19,0,0,0,0
2023,"1. Semestre","D402855","SI1",6,"I200380893402","314","Bacharelado em Sistemas de Informação",30,0,0,0,0,0,0
2023,"1. Semestre","D402855","SI1",6,"C200380893402","314","Bacharelado em Sistemas de Informação",30,0,0,0,0,0,0
2023,"1. Semestre","D402855","SI1",1,"I200380893402","314","Bacharelado em Sistemas de Informação",0,0,0,0,5,0,0
2023,"1. Semestre","D402855","SI1",1,"C200380893402","314","Bacharelado em Sistemas de Informação",0,0,0,0,5,0,0
2023,"1. Semestre","D402855","SI1",3,"I200380893402","314","Bacharelado em Sistemas de Informação",0,0,15,0,0,0,0
2023,"1. Semestre","D402855","SI1",3,"C200380893402","314","Bacharelado em Sistemas de Informação",0,0,15,0,0,0,0
2023,"2. Semestre","D402855","CC",14,"C946200380402","307","Ciência da Computação - Bacharelado",64,0,5,0,5,0,27
2023,"2. Semestre","D402855","SI",34,"I200380893402","314","Bacharelado em Sistemas de Informação",41,0,0,0,0,0,0
2023,"2. Semestre","D402855","SI",34,"C200380893402","314","Bacharelado em Sistemas de Informação",41,0,0,0,0,0,0
2023,"2. Semestre","D402855","SI",1,"I200380893402","314","Bacharelado em Sistemas de Informação",0,1,0,0,0,0,0
2023,"2. Semestre","D402855","SI",1,"C200380893402","314","Bacharelado em Sistemas de Informação",0,1,0,0,0,0,0
2023,"2. Semestre","D402855","SI",6,"I200380893402","314","Bacharelado em Sistemas de Informação",0,0,7,0,0,0,0
2023,"2. Semestre","D402855","SI",6,"C200380893402","314","Bacharelado em Sistemas de Informação",0,0,7,0,0,0,0
2021,"1. Semestre","D888148","CC1",13,"C320402855200","307","Ciência da Computação - Bacharelado",68,0,21,0,0,11,0
2021,"1. Semestre","D888148","CC2",13,"C380148200685","307","Ciência da Computação - Bacharelado",72,0,17,0,0,11,0
2021,"1. Semestre","D888148","SI1",1,"C320402855200","314","Bacharelado em Sistemas de Informação",20,0,80,0,0,0,0
2021,"1. Semestre","D888148","SI2",1,"C380148200685","314","Bacharelado em Sistemas de Informação",20,0,80,0,0,0,0
2021,"2. Semestre","D888148","10",12,"C380148380200","304","Engenharia Mecânica",48,4,40,0,4,4,0
2021,"2. Semestre","D888148","11",2,"C380148380200","304","Engenharia Mecânica",67,0,33,0,0,0,0
2021,"2. Semestre","D888148","CC1",2,"C380148200685","307","Ciência da Computação - Bacharelado",40,0,60,0,0,0,0
2021,"2. Semestre","D888148","CC2",1,"C218200683888","307","Ciência da Computação - Bacharelado",20,0,80,0,0,0,0
2021,"2. Semestre","D888148","SI1",8,"C380148200685","314","Bacharelado em Sistemas de Informação",41,9,36,0,5,9,0
2021,"2. Semestre","D888148","SI2",10,"C218200683888","314","Bacharelado em Sistemas de Informação",56,6,33,0,0,6,0
2022,"1. Semestre","D888148","10",17,"C380148380200","304","Engenharia Mecânica",57,0,17,0,0,7,20
2022,"1. Semestre","D888148","11",4,"C380148380200","304","Engenharia Mecânica",24,0,35,0,0,0,41
2022,"1. Semestre","D888148","CC1",14,"C320402855200","307","Ciência da Computação - Bacharelado",56,0,24,0,0,4,16
2022,"1. Semestre","D888148","CC2",9,"C380148200685","307","Ciência da Computação - Bacharelado",60,0,33,7,0,0,0
2022,"1. Semestre","D888148","SI1",1,"C320402855200","314","Bacharelado em Sistemas de Informação",10,0,40,10,0,0,40
2022,"1. Semestre","D888148","SI2",2,"C380148200685","314","Bacharelado em Sistemas de Informação",50,0,50,0,0,0,0
2022,"2. Semestre","D888148","10",13,"C380148380200","304","Engenharia Mecânica",37,6,20,0,0,3,34
2022,"2. Semestre","D888148","11",5,"C380148380200","304","Engenharia Mecânica",28,0,22,0,0,0,50
2022,"2. Semestre","D888148","CC1",2,"C380148200685","307","Ciência da Computação - Bacharelado",60,0,0,0,0,0,40
2022,"2. Semestre","D888148","CC2",2,"C218200683888","307","Ciência da Computação - Bacharelado",40,0,0,0,0,0,60
2022,"2. Semestre","D888148","SI1",11,"C380148200685","314","Bacharelado em Sistemas de Informação",46,4,33,0,0,0,17
2022,"2. Semestre","D888148","SI2",11,"C218200683888","314","Bacharelado em Sistemas de Informação",50,5,27,0,0,5,14
2023,"1. Semestre","D888148","CC1",16,"C320402855200","307","Ciência da Computação - Bacharelado",67,4,17,0,0,4,8
2023,"1. Semestre","D888148","CC2",12,"C380148200685","307","Ciência da Computação - Bacharelado",75,0,25,0,0,0,0
2023,"1. Semestre","D888148","SI1",3,"C320402855200","314","Bacharelado em Sistemas de Informação",0,0,0,0,0,0,100
2023,"1. Semestre","D888148","SI2",1,"C380148200685","314","Bacharelado em Sistemas de Informação",20,0,40,0,0,0,40
2023,"1. Semestre","D888148","TREA50",2,"NA","304","Engenharia Mecânica",0,0,100,0,0,0,0
2023,"2. Semestre","D888148","CC1",1,"C380148200685","307","Ciência da Computação - Bacharelado",33,0,33,0,0,0,33
2023,"2. Semestre","D888148","CC2",2,"C218200683888","307","Ciência da Computação - Bacharelado",40,0,0,0,0,0,60
2023,"2. Semestre","D888148","SI1",8,"C380148200685","314","Bacharelado em Sistemas de Informação",67,0,25,0,0,0,8
2023,"2. Semestre","D888148","SI2",7,"C218200683888","314","Bacharelado em Sistemas de Informação",35,5,25,10,0,0,25
2021,"1. Semestre","D320199","10",22,"A512642218320","303","Engenharia Elétrica",9,0,0,0,0,0,0
2021,"1. Semestre","D320199","10",22,"A893683855461","303","Engenharia Elétrica",9,0,0,0,0,0,0
2021,"1. Semestre","D320199","10",22,"A380683888642","303","Engenharia Elétrica",9,0,0,0,0,0,0
2021,"1. Semestre","D320199","10",22,"A148855320200","303","Engenharia Elétrica",9,0,0,0,0,0,0
2021,"1. Semestre","D320199","10",22,"A855200218200","303","Engenharia Elétrica",9,0,0,0,0,0,0
2021,"1. Semestre","D320199","10",1,"A512642218320","303","Engenharia Elétrica",0,0,0,0,0,0,0
2021,"1. Semestre","D320199","10",1,"A893683855461","303","Engenharia Elétrica",0,0,0,0,0,0,0
2021,"1. Semestre","D320199","10",1,"A380683888642","303","Engenharia Elétrica",0,0,0,0,0,0,0
2021,"1. Semestre","D320199","10",1,"A148855320200","303","Engenharia Elétrica",0,0,0,0,0,0,0
2021,"1. Semestre","D320199","10",1,"A855200218200","303","Engenharia Elétrica",0,0,0,0,0,0,0
2021,"1. Semestre","D320199","10",24,"A512642218320","303","Engenharia Elétrica",0,0,10,0,0,0,0
2021,"1. Semestre","D320199","10",24,"A893683855461","303","Engenharia Elétrica",0,0,10,0,0,0,0
2021,"1. Semestre","D320199","10",24,"A380683888642","303","Engenharia Elétrica",0,0,10,0,0,0,0
2021,"1. Semestre","D320199","10",24,"A148855320200","303","Engenharia Elétrica",0,0,10,0,0,0,0
2021,"1. Semestre","D320199","10",24,"A855200218200","303","Engenharia Elétrica",0,0,10,0,0,0,0
2021,"1. Semestre","D320199","10",1,"A512642218320","303","Engenharia Elétrica",0,0,0,0,0,0,0
2021,"1. Semestre","D320199","10",1,"A893683855461","303","Engenharia Elétrica",0,0,0,0,0,0,0
2021,"1. Semestre","D320199","10",1,"A380683888642","303","Engenharia Elétrica",0,0,0,0,0,0,0
2021,"1. Semestre","D320199","10",1,"A148855320200","303","Engenharia Elétrica",0,0,0,0,0,0,0
2021,"1. Semestre","D320199","10",1,"A855200218200","303","Engenharia Elétrica",0,0,0,0,0,0,0
2021,"1. Semestre","D320199","11",18,"A218148855402","133","Química - Bacharelado",75,4,13,0,4,4,0
2021,"1. Semestre","D320199","11",18,"A218148855402","110","Química Industrial",100,0,0,0,0,0,0
2021,"1. Semestre","D320199","12",2,"A148855320200","304","Engenharia Mecânica",1,0,0,0,0,0,0
2021,"1. Semestre","D320199","12",2,"A512642218320","304","Engenharia Mecânica",1,0,0,0,0,0,0
2021,"1. Semestre","D320199","12",2,"A893683855461","304","Engenharia Mecânica",1,0,0,0,0,0,0
2021,"1. Semestre","D320199","12",2,"A380683888642","304","Engenharia Mecânica",1,0,0,0,0,0,0
2021,"1. Semestre","D320199","12",2,"A855200218200","304","Engenharia Mecânica",1,0,0,0,0,0,0
2021,"1. Semestre","D320199","12",2,"A512642218320","304","Engenharia Mecânica",0,0,0,0,0,1,0
2021,"1. Semestre","D320199","12",2,"A893683855461","304","Engenharia Mecânica",0,0,0,0,0,1,0
2021,"1. Semestre","D320199","12",2,"A380683888642","304","Engenharia Mecânica",0,0,0,0,0,1,0
2021,"1. Semestre","D320199","12",2,"A148855320200","304","Engenharia Mecânica",0,0,0,0,0,1,0
2021,"1. Semestre","D320199","12",2,"A855200218200","304","Engenharia Mecânica",0,0,0,0,0,1,0
2021,"1. Semestre","D320199","12",3,"A512642218320","304","Engenharia Mecânica",0,1,0,0,0,0,0
2021,"1. Semestre","D320199","12",3,"A893683855461","304","Engenharia Mecânica",0,1,0,0,0,0,0
2021,"1. Semestre","D320199","12",3,"A380683888642","304","Engenharia Mecânica",0,1,0,0,0,0,0
2021,"1. Semestre","D320199","12",3,"A148855320200","304","Engenharia Mecânica",0,1,0,0,0,0,0
2021,"1. Semestre","D320199","12",3,"A855200218200","304","Engenharia Mecânica",0,1,0,0,0,0,0
2021,"1. Semestre","D320199","12",3,"A512642218320","304","Engenharia Mecânica",0,0,0,0,1,0,0
2021,"1. Semestre","D320199","12",3,"A893683855461","304","Engenharia Mecânica",0,0,0,0,1,0,0
2021,"1. Semestre","D320199","12",3,"A380683888642","304","Engenharia Mecânica",0,0,0,0,1,0,0
2021,"1. Semestre","D320199","12",3,"A148855320200","304","Engenharia Mecânica",0,0,0,0,1,0,0
2021,"1. Semestre","D320199","12",3,"A855200218200","304","Engenharia Mecânica",0,0,0,0,1,0,0
2021,"1. Semestre","D320199","12",40,"A512642218320","304","Engenharia Mecânica",0,0,16,0,0,0,0
2021,"1. Semestre","D320199","12",40,"A893683855461","304","Engenharia Mecânica",0,0,16,0,0,0,0
2021,"1. Semestre","D320199","12",40,"A380683888642","304","Engenharia Mecânica",0,0,16,0,0,0,0
2021,"1. Semestre","D320199","12",40,"A148855320200","304","Engenharia Mecânica",0,0,16,0,0,0,0
2021,"1. Semestre","D320199","12",40,"A855200218200","304","Engenharia Mecânica",0,0,16,0,0,0,0
2021,"1. Semestre","D320199","12",1,"A512642218320","304","Engenharia Mecânica",0,0,0,0,0,0,0
2021,"1. Semestre","D320199","12",1,"A893683855461","304","Engenharia Mecânica",0,0,0,0,0,0,0
2021,"1. Semestre","D320199","12",1,"A380683888642","304","Engenharia Mecânica",0,0,0,0,0,0,0
2021,"1. Semestre","D320199","12",1,"A148855320200","304","Engenharia Mecânica",0,0,0,0,0,0,0
2021,"1. Semestre","D320199","12",1,"A855200218200","304","Engenharia Mecânica",0,0,0,0,0,0,0
2021,"1. Semestre","D320199","13",60,"A292200218320","307","Ciência da Computação - Bacharelado",82,0,12,0,0,5,0
2021,"1. Semestre","D320199","14",10,"A512642218320","302","Engenharia Civil",4,0,0,0,0,0,0
2021,"1. Semestre","D320199","14",10,"A893683855461","302","Engenharia Civil",4,0,0,0,0,0,0
2021,"1. Semestre","D320199","14",10,"A380683888642","302","Engenharia Civil",4,0,0,0,0,0,0
2021,"1. Semestre","D320199","14",10,"A148855320200","302","Engenharia Civil",4,0,0,0,0,0,0
2021,"1. Semestre","D320199","14",10,"A855200218200","302","Engenharia Civil",4,0,0,0,0,0,0
2021,"1. Semestre","D320199","14",1,"A512642218320","302","Engenharia Civil",0,0,0,0,0,0,0
2021,"1. Semestre","D320199","14",1,"A893683855461","302","Engenharia Civil",0,0,0,0,0,0,0
2021,"1. Semestre","D320199","14",1,"A380683888642","302","Engenharia Civil",0,0,0,0,0,0,0
2021,"1. Semestre","D320199","14",1,"A148855320200","302","Engenharia Civil",0,0,0,0,0,0,0
2021,"1. Semestre","D320199","14",1,"A855200218200","302","Engenharia Civil",0,0,0,0,0,0,0
2021,"1. Semestre","D320199","14",3,"A512642218320","302","Engenharia Civil",0,1,0,0,0,0,0
2021,"1. Semestre","D320199","14",3,"A893683855461","302","Engenharia Civil",0,1,0,0,0,0,0
2021,"1. Semestre","D320199","14",3,"A380683888642","302","Engenharia Civil",0,1,0,0,0,0,0
2021,"1. Semestre","D320199","14",3,"A148855320200","302","Engenharia Civil",0,1,0,0,0,0,0
2021,"1. Semestre","D320199","14",3,"A855200218200","302","Engenharia Civil",0,1,0,0,0,0,0
2021,"1. Semestre","D320199","14",5,"A512642218320","302","Engenharia Civil",0,0,0,0,2,0,0
2021,"1. Semestre","D320199","14",5,"A893683855461","302","Engenharia Civil",0,0,0,0,2,0,0
2021,"1. Semestre","D320199","14",5,"A380683888642","302","Engenharia Civil",0,0,0,0,2,0,0
2021,"1. Semestre","D320199","14",5,"A148855320200","302","Engenharia Civil",0,0,0,0,2,0,0
2021,"1. Semestre","D320199","14",5,"A855200218200","302","Engenharia Civil",0,0,0,0,2,0,0
2021,"1. Semestre","D320199","14",31,"A512642218320","302","Engenharia Civil",0,0,12,0,0,0,0
2021,"1. Semestre","D320199","14",31,"A893683855461","302","Engenharia Civil",0,0,12,0,0,0,0
2021,"1. Semestre","D320199","14",31,"A380683888642","302","Engenharia Civil",0,0,12,0,0,0,0
2021,"1. Semestre","D320199","14",31,"A148855320200","302","Engenharia Civil",0,0,12,0,0,0,0
2021,"1. Semestre","D320199","14",31,"A855200218200","302","Engenharia Civil",0,0,12,0,0,0,0
2021,"1. Semestre","D320199","15",2,"A512642218320","315","Curso de Engenharia Aeroespacial",11,0,0,0,0,1,0
2021,"1. Semestre","D320199","15",29,"A893683855461","315","Curso de Engenharia Aeroespacial",11,0,0,0,0,0,0
2021,"1. Semestre","D320199","15",29,"A380683888642","315","Curso de Engenharia Aeroespacial",11,0,0,0,0,0,0
2021,"1. Semestre","D320199","15",29,"A148855320200","315","Curso de Engenharia Aeroespacial",11,0,0,0,0,0,0
2021,"1. Semestre","D320199","15",29,"A855200218200","315","Curso de Engenharia Aeroespacial",11,0,0,0,0,0,0
2021,"1. Semestre","D320199","15",2,"A893683855461","315","Curso de Engenharia Aeroespacial",0,0,0,0,0,1,0
2021,"1. Semestre","D320199","15",2,"A380683888642","315","Curso de Engenharia Aeroespacial",0,0,0,0,0,1,0
2021,"1. Semestre","D320199","15",2,"A148855320200","315","Curso de Engenharia Aeroespacial",0,0,0,0,0,1,0
2021,"1. Semestre","D320199","15",2,"A855200218200","315","Curso de Engenharia Aeroespacial",0,0,0,0,0,1,0
2021,"1. Semestre","D320199","15",1,"A512642218320","315","Curso de Engenharia Aeroespacial",0,0,0,0,0,0,0
2021,"1. Semestre","D320199","15",1,"A893683855461","315","Curso de Engenharia Aeroespacial",0,0,0,0,0,0,0
2021,"1. Semestre","D320199","15",1,"A380683888642","315","Curso de Engenharia Aeroespacial",0,0,0,0,0,0,0
2021,"1. Semestre","D320199","15",1,"A148855320200","315","Curso de Engenharia Aeroespacial",0,0,0,0,0,0,0
2021,"1. Semestre","D320199","15",1,"A855200218200","315","Curso de Engenharia Aeroespacial",0,0,0,0,0,0,0
2021,"1. Semestre","D320199","15",21,"A512642218320","315","Curso de Engenharia Aeroespacial",0,0,8,0,0,0,0
2021,"1. Semestre","D320199","15",21,"A893683855461","315","Curso de Engenharia Aeroespacial",0,0,8,0,0,0,0
2021,"1. Semestre","D320199","15",21,"A380683888642","315","Curso de Engenharia Aeroespacial",0,0,8,0,0,0,0
2021,"1. Semestre","D320199","15",21,"A148855320200","315","Curso de Engenharia Aeroespacial",0,0,8,0,0,0,0
2021,"1. Semestre","D320199","15",21,"A855200218200","315","Curso de Engenharia Aeroespacial",0,0,8,0,0,0,0
2021,"1. Semestre","D320199","16",29,"A806200978642","316","Curso de Engenharia de Telecomunicações",53,0,35,0,9,4,0
2021,"1. Semestre","D320199","17",1,"A893683855461","305","Engenharia Química",0,0,0,0,0,0,0
2021,"1. Semestre","D320199","17",17,"A512642218320","305","Engenharia Química",7,0,0,0,0,0,0
2021,"1. Semestre","D320199","17",17,"A893683855461","305","Engenharia Química",7,0,0,0,0,0,0
2021,"1. Semestre","D320199","17",17,"A380683888642","305","Engenharia Química",7,0,0,0,0,0,0
2021,"1. Semestre","D320199","17",17,"A148855320200","305","Engenharia Química",7,0,0,0,0,0,0
2021,"1. Semestre","D320199","17",17,"A855200218200","305","Engenharia Química",7,0,0,0,0,0,0
2021,"1. Semestre","D320199","17",3,"A512642218320","305","Engenharia Química",0,0,0,0,0,1,0
2021,"1. Semestre","D320199","17",3,"A893683855461","305","Engenharia Química",0,0,0,0,0,1,0
2021,"1. Semestre","D320199","17",3,"A380683888642","305","Engenharia Química",0,0,0,0,0,1,0
2021,"1. Semestre","D320199","17",3,"A148855320200","305","Engenharia Química",0,0,0,0,0,1,0
2021,"1. Semestre","D320199","17",3,"A855200218200","305","Engenharia Química",0,0,0,0,0,1,0
2021,"1. Semestre","D320199","17",1,"A512642218320","305","Engenharia Química",0,0,0,0,0,0,0
2021,"1. Semestre","D320199","17",1,"A380683888642","305","Engenharia Química",0,0,0,0,0,0,0
2021,"1. Semestre","D320199","17",1,"A148855320200","305","Engenharia Química",0,0,0,0,0,0,0
2021,"1. Semestre","D320199","17",1,"A855200218200","305","Engenharia Química",0,0,0,0,0,0,0
2021,"1. Semestre","D320199","17",5,"A512642218320","305","Engenharia Química",0,0,0,0,2,0,0
2021,"1. Semestre","D320199","17",5,"A893683855461","305","Engenharia Química",0,0,0,0,2,0,0
2021,"1. Semestre","D320199","17",5,"A380683888642","305","Engenharia Química",0,0,0,0,2,0,0
2021,"1. Semestre","D320199","17",5,"A148855320200","305","Engenharia Química",0,0,0,0,2,0,0
2021,"1. Semestre","D320199","17",5,"A855200218200","305","Engenharia Química",0,0,0,0,2,0,0
2021,"1. Semestre","D320199","17",21,"A512642218320","305","Engenharia Química",0,0,9,0,0,0,0
2021,"1. Semestre","D320199","17",21,"A893683855461","305","Engenharia Química",0,0,9,0,0,0,0
2021,"1. Semestre","D320199","17",21,"A380683888642","305","Engenharia Química",0,0,9,0,0,0,0
2021,"1. Semestre","D320199","17",21,"A148855320200","305","Engenharia Química",0,0,9,0,0,0,0
2021,"1. Semestre","D320199","17",21,"A855200218200","305","Engenharia Química",0,0,9,0,0,0,0
2021,"1. Semestre","D320199","18",2,"A893683855461","109","Química - Licenciatura",6,3,75,3,8,6,0
2021,"1. Semestre","D320199","19",25,"A642946200380","402","Engenharia Florestal",41,0,52,3,3,0,0
2021,"1. Semestre","D320199","50",1,"A218148855402","302","Engenharia Civil",100,0,0,0,0,0,0
2021,"1. Semestre","D320199","50",21,"A218148855402","313","Curso de Engenharia de Produção",66,3,22,0,9,0,0
2021,"1. Semestre","D320199","50",1,"A218148855402","311","Curso de Engenharia Acústica",100,0,0,0,0,0,0
2021,"1. Semestre","D320199","50",2,"A218148855402","305","Engenharia Química",100,0,0,0,0,0,0
2021,"1. Semestre","D320199","50",1,"A218148855402","315","Curso de Engenharia Aeroespacial",0,0,100,0,0,0,0
2021,"2. Semestre","D320199","10",2,"A512642218320","303","Engenharia Elétrica",1,0,0,0,0,0,0
2021,"2. Semestre","D320199","10",2,"A893683855461","303","Engenharia Elétrica",1,0,0,0,0,0,0
2021,"2. Semestre","D320199","10",2,"A380683888642","303","Engenharia Elétrica",1,0,0,0,0,0,0
2021,"2. Semestre","D320199","10",2,"A148855320200","303","Engenharia Elétrica",1,0,0,0,0,0,0
2021,"2. Semestre","D320199","10",2,"A855200218200","303","Engenharia Elétrica",1,0,0,0,0,0,0
2021,"2. Semestre","D320199","10",3,"A512642218320","303","Engenharia Elétrica",0,1,0,0,0,0,0
2021,"2. Semestre","D320199","10",3,"A893683855461","303","Engenharia Elétrica",0,1,0,0,0,0,0
2021,"2. Semestre","D320199","10",3,"A380683888642","303","Engenharia Elétrica",0,1,0,0,0,0,0
2021,"2. Semestre","D320199","10",3,"A148855320200","303","Engenharia Elétrica",0,1,0,0,0,0,0
2021,"2. Semestre","D320199","10",3,"A855200218200","303","Engenharia Elétrica",0,1,0,0,0,0,0
2021,"2. Semestre","D320199","10",1,"A512642218320","303","Engenharia Elétrica",0,0,0,0,0,0,0
2021,"2. Semestre","D320199","10",1,"A893683855461","303","Engenharia Elétrica",0,0,0,0,0,0,0
2021,"2. Semestre","D320199","10",1,"A380683888642","303","Engenharia Elétrica",0,0,0,0,0,0,0
2021,"2. Semestre","D320199","10",1,"A148855320200","303","Engenharia Elétrica",0,0,0,0,0,0,0
2021,"2. Semestre","D320199","10",1,"A855200218200","303","Engenharia Elétrica",0,0,0,0,0,0,0
2021,"2. Semestre","D320199","10",45,"A512642218320","303","Engenharia Elétrica",0,0,17,0,0,0,0
2021,"2. Semestre","D320199","10",45,"A893683855461","303","Engenharia Elétrica",0,0,17,0,0,0,0
2021,"2. Semestre","D320199","10",45,"A380683888642","303","Engenharia Elétrica",0,0,17,0,0,0,0
2021,"2. Semestre","D320199","10",45,"A148855320200","303","Engenharia Elétrica",0,0,17,0,0,0,0
2021,"2. Semestre","D320199","10",45,"A855200218200","303","Engenharia Elétrica",0,0,17,0,0,0,0
2021,"2. Semestre","D320199","10",1,"A512642218320","303","Engenharia Elétrica",0,0,0,0,0,0,0
2021,"2. Semestre","D320199","10",1,"A893683855461","303","Engenharia Elétrica",0,0,0,0,0,0,0
2021,"2. Semestre","D320199","10",1,"A380683888642","303","Engenharia Elétrica",0,0,0,0,0,0,0
2021,"2. Semestre","D320199","10",1,"A148855320200","303","Engenharia Elétrica",0,0,0,0,0,0,0
2021,"2. Semestre","D320199","10",1,"A855200218200","303","Engenharia Elétrica",0,0,0,0,0,0,0
2021,"2. Semestre","D320199","11",5,"A148855320200","312","Curso de Engenharia de Computação",2,0,0,0,0,0,0
2021,"2. Semestre","D320199","11",5,"A512642218320","312","Curso de Engenharia de Computação",2,0,0,0,0,0,0
2021,"2. Semestre","D320199","11",5,"A893683855461","312","Curso de Engenharia de Computação",2,0,0,0,0,0,0
2021,"2. Semestre","D320199","11",5,"A380683888642","312","Curso de Engenharia de Computação",2,0,0,0,0,0,0
2021,"2. Semestre","D320199","11",5,"A855200218200","312","Curso de Engenharia de Computação",2,0,0,0,0,0,0
2021,"2. Semestre","D320199","11",6,"A512642218320","312","Curso de Engenharia de Computação",0,0,0,0,0,3,0
2021,"2. Semestre","D320199","11",6,"A893683855461","312","Curso de Engenharia de Computação",0,0,0,0,0,3,0
2021,"2. Semestre","D320199","11",6,"A380683888642","312","Curso de Engenharia de Computação",0,0,0,0,0,3,0
2021,"2. Semestre","D320199","11",6,"A148855320200","312","Curso de Engenharia de Computação",0,0,0,0,0,3,0
2021,"2. Semestre","D320199","11",6,"A855200218200","312","Curso de Engenharia de Computação",0,0,0,0,0,3,0
2021,"2. Semestre","D320199","11",4,"A512642218320","312","Curso de Engenharia de Computação",0,2,0,0,0,0,0
2021,"2. Semestre","D320199","11",4,"A893683855461","312","Curso de Engenharia de Computação",0,2,0,0,0,0,0
2021,"2. Semestre","D320199","11",4,"A380683888642","312","Curso de Engenharia de Computação",0,2,0,0,0,0,0
2021,"2. Semestre","D320199","11",4,"A148855320200","312","Curso de Engenharia de Computação",0,2,0,0,0,0,0
2021,"2. Semestre","D320199","11",4,"A855200218200","312","Curso de Engenharia de Computação",0,2,0,0,0,0,0
2021,"2. Semestre","D320199","11",1,"A512642218320","312","Curso de Engenharia de Computação",0,0,0,0,0,0,0
2021,"2. Semestre","D320199","11",1,"A893683855461","312","Curso de Engenharia de Computação",0,0,0,0,0,0,0
2021,"2. Semestre","D320199","11",1,"A380683888642","312","Curso de Engenharia de Computação",0,0,0,0,0,0,0
2021,"2. Semestre","D320199","11",1,"A148855320200","312","Curso de Engenharia de Computação",0,0,0,0,0,0,0
2021,"2. Semestre","D320199","11",1,"A855200218200","312","Curso de Engenharia de Computação",0,0,0,0,0,0,0
2021,"2. Semestre","D320199","11",28,"A512642218320","312","Curso de Engenharia de Computação",0,0,13,0,0,0,0
2021,"2. Semestre","D320199","11",28,"A893683855461","312","Curso de Engenharia de Computação",0,0,13,0,0,0,0
2021,"2. Semestre","D320199","11",28,"A380683888642","312","Curso de Engenharia de Computação",0,0,13,0,0,0,0
2021,"2. Semestre","D320199","11",28,"A148855320200","312","Curso de Engenharia de Computação",0,0,13,0,0,0,0
2021,"2. Semestre","D320199","11",28,"A855200218200","312","Curso de Engenharia de Computação",0,0,13,0,0,0,0
2021,"2. Semestre","D320199","12",1,"A148855320200","304","Engenharia Mecânica",0,0,0,0,0,0,0
2021,"2. Semestre","D320199","12",1,"A512642218320","304","Engenharia Mecânica",0,0,0,0,0,0,0
2021,"2. Semestre","D320199","12",1,"A893683855461","304","Engenharia Mecânica",0,0,0,0,0,0,0
2021,"2. Semestre","D320199","12",1,"A380683888642","304","Engenharia Mecânica",0,0,0,0,0,0,0
2021,"2. Semestre","D320199","12",1,"A148855320200","304","Engenharia Mecânica",0,0,0,0,0,0,0
2021,"2. Semestre","D320199","12",1,"A855200218200","304","Engenharia Mecânica",0,0,0,0,0,0,0
2021,"2. Semestre","D320199","12",1,"A512642218320","304","Engenharia Mecânica",0,0,0,0,0,0,0
2021,"2. Semestre","D320199","12",1,"A893683855461","304","Engenharia Mecânica",0,0,0,0,0,0,0
2021,"2. Semestre","D320199","12",1,"A380683888642","304","Engenharia Mecânica",0,0,0,0,0,0,0
2021,"2. Semestre","D320199","12",1,"A855200218200","304","Engenharia Mecânica",0,0,0,0,0,0,0
2021,"2. Semestre","D320199","12",3,"A512642218320","304","Engenharia Mecânica",0,1,0,0,0,0,0
2021,"2. Semestre","D320199","12",3,"A893683855461","304","Engenharia Mecânica",0,1,0,0,0,0,0
2021,"2. Semestre","D320199","12",3,"A380683888642","304","Engenharia Mecânica",0,1,0,0,0,0,0
2021,"2. Semestre","D320199","12",3,"A148855320200","304","Engenharia Mecânica",0,1,0,0,0,0,0
2021,"2. Semestre","D320199","12",3,"A855200218200","304","Engenharia Mecânica",0,1,0,0,0,0,0
2021,"2. Semestre","D320199","12",1,"A512642218320","304","Engenharia Mecânica",0,0,0,0,0,0,0
2021,"2. Semestre","D320199","12",1,"A893683855461","304","Engenharia Mecânica",0,0,0,0,0,0,0
2021,"2. Semestre","D320199","12",1,"A380683888642","304","Engenharia Mecânica",0,0,0,0,0,0,0
2021,"2. Semestre","D320199","12",1,"A148855320200","304","Engenharia Mecânica",0,0,0,0,0,0,0
2021,"2. Semestre","D320199","12",1,"A855200218200","304","Engenharia Mecânica",0,0,0,0,0,0,0
2021,"2. Semestre","D320199","12",43,"A512642218320","304","Engenharia Mecânica",0,0,18,0,0,0,0
2021,"2. Semestre","D320199","12",43,"A893683855461","304","Engenharia Mecânica",0,0,18,0,0,0,0
2021,"2. Semestre","D320199","12",43,"A380683888642","304","Engenharia Mecânica",0,0,18,0,0,0,0
2021,"2. Semestre","D320199","12",43,"A148855320200","304","Engenharia Mecânica",0,0,18,0,0,0,0
2021,"2. Semestre","D320199","12",43,"A855200218200","304","Engenharia Mecânica",0,0,18,0,0,0,0
2021,"2. Semestre","D320199","13",30,"A888402148380","313","Curso de Engenharia de Produção",68,7,16,0,2,7,0
2021,"2. Semestre","D320199","14",2,"A855200218200","302","Engenharia Civil",0,1,0,0,0,0,0
2021,"2. Semestre","D320199","14",7,"A512642218320","302","Engenharia Civil",3,0,0,0,0,0,0
2021,"2. Semestre","D320199","14",7,"A893683855461","302","Engenharia Civil",3,0,0,0,0,0,0
2021,"2. Semestre","D320199","14",7,"A380683888642","302","Engenharia Civil",3,0,0,0,0,0,0
2021,"2. Semestre","D320199","14",7,"A148855320200","302","Engenharia Civil",3,0,0,0,0,0,0
2021,"2. Semestre","D320199","14",7,"A855200218200","302","Engenharia Civil",3,0,0,0,0,0,0
2021,"2. Semestre","D320199","14",2,"A512642218320","302","Engenharia Civil",0,1,0,0,0,0,0
2021,"2. Semestre","D320199","14",2,"A893683855461","302","Engenharia Civil",0,1,0,0,0,0,0
2021,"2. Semestre","D320199","14",2,"A380683888642","302","Engenharia Civil",0,1,0,0,0,0,0
2021,"2. Semestre","D320199","14",2,"A148855320200","302","Engenharia Civil",0,1,0,0,0,0,0
2021,"2. Semestre","D320199","14",38,"A512642218320","302","Engenharia Civil",0,0,16,0,0,0,0
2021,"2. Semestre","D320199","14",38,"A893683855461","302","Engenharia Civil",0,0,16,0,0,0,0
2021,"2. Semestre","D320199","14",38,"A380683888642","302","Engenharia Civil",0,0,16,0,0,0,0
2021,"2. Semestre","D320199","14",38,"A148855320200","302","Engenharia Civil",0,0,16,0,0,0,0
2021,"2. Semestre","D320199","14",38,"A855200218200","302","Engenharia Civil",0,0,16,0,0,0,0
2021,"2. Semestre","D320199","15",27,"A855200218200","310","Curso Engenharia de Controle e Automação",0,0,16,0,0,0,0
2021,"2. Semestre","D320199","15",2,"A512642218320","310","Curso Engenharia de Controle e Automação",1,0,0,0,0,0,0
2021,"2. Semestre","D320199","15",2,"A893683855461","310","Curso Engenharia de Controle e Automação",1,0,0,0,0,0,0
2021,"2. Semestre","D320199","15",2,"A380683888642","310","Curso Engenharia de Controle e Automação",1,0,0,0,0,0,0
2021,"2. Semestre","D320199","15",2,"A148855320200","310","Curso Engenharia de Controle e Automação",1,0,0,0,0,0,0
2021,"2. Semestre","D320199","15",2,"A855200218200","310","Curso Engenharia de Controle e Automação",1,0,0,0,0,0,0
2021,"2. Semestre","D320199","15",1,"A512642218320","310","Curso Engenharia de Controle e Automação",0,0,0,0,0,1,0
2021,"2. Semestre","D320199","15",1,"A893683855461","310","Curso Engenharia de Controle e Automação",0,0,0,0,0,1,0
2021,"2. Semestre","D320199","15",1,"A380683888642","310","Curso Engenharia de Controle e Automação",0,0,0,0,0,1,0
2021,"2. Semestre","D320199","15",1,"A148855320200","310","Curso Engenharia de Controle e Automação",0,0,0,0,0,1,0
2021,"2. Semestre","D320199","15",1,"A855200218200","310","Curso Engenharia de Controle e Automação",0,0,0,0,0,1,0
2021,"2. Semestre","D320199","15",3,"A512642218320","310","Curso Engenharia de Controle e Automação",0,2,0,0,0,0,0
2021,"2. Semestre","D320199","15",3,"A893683855461","310","Curso Engenharia de Controle e Automação",0,2,0,0,0,0,0
2021,"2. Semestre","D320199","15",3,"A380683888642","310","Curso Engenharia de Controle e Automação",0,2,0,0,0,0,0
2021,"2. Semestre","D320199","15",3,"A148855320200","310","Curso Engenharia de Controle e Automação",0,2,0,0,0,0,0
2021,"2. Semestre","D320199","15",3,"A855200218200","310","Curso Engenharia de Controle e Automação",0,2,0,0,0,0,0
2021,"2. Semestre","D320199","15",1,"A512642218320","310","Curso Engenharia de Controle e Automação",0,0,0,0,1,0,0
2021,"2. Semestre","D320199","15",1,"A893683855461","310","Curso Engenharia de Controle e Automação",0,0,0,0,1,0,0
2021,"2. Semestre","D320199","15",1,"A380683888642","310","Curso Engenharia de Controle e Automação",0,0,0,0,1,0,0
2021,"2. Semestre","D320199","15",1,"A148855320200","310","Curso Engenharia de Controle e Automação",0,0,0,0,1,0,0
2021,"2. Semestre","D320199","15",1,"A855200218200","310","Curso Engenharia de Controle e Automação",0,0,0,0,1,0,0
2021,"2. Semestre","D320199","15",27,"A512642218320","310","Curso Engenharia de Controle e Automação",0,0,16,0,0,0,0
2021,"2. Semestre","D320199","15",27,"A893683855461","310","Curso Engenharia de Controle e Automação",0,0,16,0,0,0,0
2021,"2. Semestre","D320199","15",27,"A380683888642","310","Curso Engenharia de Controle e Automação",0,0,16,0,0,0,0
2021,"2. Semestre","D320199","15",27,"A148855320200","310","Curso Engenharia de Controle e Automação",0,0,16,0,0,0,0
2021,"2. Semestre","D320199","16",5,"A512642218320","314","Bacharelado em Sistemas de Informação",3,0,0,0,0,0,0
2021,"2. Semestre","D320199","16",5,"A893683855461","314","Bacharelado em Sistemas de Informação",3,0,0,0,0,0,0
2021,"2. Semestre","D320199","16",5,"A380683888642","314","Bacharelado em Sistemas de Informação",3,0,0,0,0,0,0
2021,"2. Semestre","D320199","16",5,"A148855320200","314","Bacharelado em Sistemas de Informação",3,0,0,0,0,0,0
2021,"2. Semestre","D320199","16",5,"A855200218200","314","Bacharelado em Sistemas de Informação",3,0,0,0,0,0,0
2021,"2. Semestre","D320199","16",3,"A512642218320","314","Bacharelado em Sistemas de Informação",0,2,0,0,0,0,0
2021,"2. Semestre","D320199","16",3,"A893683855461","314","Bacharelado em Sistemas de Informação",0,2,0,0,0,0,0
2021,"2. Semestre","D320199","16",3,"A380683888642","314","Bacharelado em Sistemas de Informação",0,2,0,0,0,0,0
2021,"2. Semestre","D320199","16",3,"A148855320200","314","Bacharelado em Sistemas de Informação",0,2,0,0,0,0,0
2021,"2. Semestre","D320199","16",3,"A855200218200","314","Bacharelado em Sistemas de Informação",0,2,0,0,0,0,0
2021,"2. Semestre","D320199","16",1,"A512642218320","314","Bacharelado em Sistemas de Informação",0,0,0,0,1,0,0
2021,"2. Semestre","D320199","16",1,"A893683855461","314","Bacharelado em Sistemas de Informação",0,0,0,0,1,0,0
2021,"2. Semestre","D320199","16",1,"A380683888642","314","Bacharelado em Sistemas de Informação",0,0,0,0,1,0,0
2021,"2. Semestre","D320199","16",1,"A148855320200","314","Bacharelado em Sistemas de Informação",0,0,0,0,1,0,0
2021,"2. Semestre","D320199","16",1,"A855200218200","314","Bacharelado em Sistemas de Informação",0,0,0,0,1,0,0
2021,"2. Semestre","D320199","16",24,"A512642218320","314","Bacharelado em Sistemas de Informação",0,0,15,0,0,0,0
2021,"2. Semestre","D320199","16",24,"A893683855461","314","Bacharelado em Sistemas de Informação",0,0,15,0,0,0,0
2021,"2. Semestre","D320199","16",24,"A380683888642","314","Bacharelado em Sistemas de Informação",0,0,15,0,0,0,0
2021,"2. Semestre","D320199","16",24,"A148855320200","314","Bacharelado em Sistemas de Informação",0,0,15,0,0,0,0
2021,"2. Semestre","D320199","16",24,"A855200218200","314","Bacharelado em Sistemas de Informação",0,0,15,0,0,0,0
2021,"2. Semestre","D320199","17",18,"A394200218642","305","Engenharia Química",56,6,22,0,6,9,0
2021,"2. Semestre","D320199","18",10,"A218148855402","311","Curso de Engenharia Acústica",26,0,67,0,3,5,0
2021,"2. Semestre","D320199","19",12,"A642946200380","402","Engenharia Florestal",40,3,53,3,0,0,0
2021,"2. Semestre","D320199","20",3,"A292200218320","309","Curso de Engenharia Sanitária e Ambiental",9,3,82,0,3,3,0
2021,"2. Semestre","D320199","T50REA",13,"A292200218320","305","Engenharia Química",59,0,41,0,0,0,0
2021,"2. Semestre","D320199","T50REA",1,"A292200218320","315","Curso de Engenharia Aeroespacial",33,0,67,0,0,0,0
2022,"1. Semestre","D320199","10",9,"A380683888642","303","Engenharia Elétrica",17,2,48,2,2,4,25
2022,"1. Semestre","D320199","11",3,"A681200461218","110","Química Industrial",14,0,57,10,0,5,14
2022,"1. Semestre","D320199","11",1,"A681200461218","133","Química - Bacharelado",5,0,50,10,0,10,25
2022,"1. Semestre","D320199","12",20,"AP681402512218","304","Engenharia Mecânica",47,0,49,0,0,5,0
2022,"1. Semestre","D320199","13",21,"A946200380642","307","Ciência da Computação - Bacharelado",46,2,30,0,0,2,20
2022,"1. Semestre","D320199","14",4,"A380200380642","302","Engenharia Civil",82,2,8,0,0,2,6
2022,"1. Semestre","D320199","15",28,"A642946200380","315","Curso de Engenharia Aeroespacial",53,4,21,2,0,11,9
2022,"1. Semestre","D320199","16",4,"A888402148380","316","Curso de Engenharia de Telecomunicações",4,0,0,0,0,0,0
2022,"1. Semestre","D320199","16",4,"AP681402512218","316","Curso de Engenharia de Telecomunicações",4,0,0,0,0,0,0
2022,"1. Semestre","D320199","16",9,"A888402148380","316","Curso de Engenharia de Telecomunicações",0,0,0,0,0,9,0
2022,"1. Semestre","D320199","16",9,"AP681402512218","316","Curso de Engenharia de Telecomunicações",0,0,0,0,0,9,0
2022,"1. Semestre","D320199","16",1,"A888402148380","316","Curso de Engenharia de Telecomunicações",0,1,0,0,0,0,0
2022,"1. Semestre","D320199","16",1,"AP681402512218","316","Curso de Engenharia de Telecomunicações",0,1,0,0,0,0,0
2022,"1. Semestre","D320199","16",2,"A888402148380","316","Curso de Engenharia de Telecomunicações",0,0,0,0,2,0,0
2022,"1. Semestre","D320199","16",2,"AP681402512218","316","Curso de Engenharia de Telecomunicações",0,0,0,0,2,0,0
2022,"1. Semestre","D320199","16",9,"A888402148380","316","Curso de Engenharia de Telecomunicações",0,0,0,0,0,0,9
2022,"1. Semestre","D320199","16",9,"AP681402512218","316","Curso de Engenharia de Telecomunicações",0,0,0,0,0,0,9
2022,"1. Semestre","D320199","16",26,"A888402148380","316","Curso de Engenharia de Telecomunicações",0,0,25,0,0,0,0
2022,"1. Semestre","D320199","16",26,"AP681402512218","316","Curso de Engenharia de Telecomunicações",0,0,25,0,0,0,0
2022,"1. Semestre","D320199","17",23,"AP681402512218","305","Engenharia Química",29,0,0,0,0,0,0
2022,"1. Semestre","D320199","17",23,"A218148855402","305","Engenharia Química",29,0,0,0,0,0,0
2022,"1. Semestre","D320199","17",1,"AP681402512218","305","Engenharia Química",0,0,0,0,0,1,0
2022,"1. Semestre","D320199","17",1,"A218148855402","305","Engenharia Química",0,0,0,0,0,1,0
2022,"1. Semestre","D320199","17",1,"AP681402512218","305","Engenharia Química",0,1,0,0,0,0,0
2022,"1. Semestre","D320199","17",1,"A218148855402","305","Engenharia Química",0,1,0,0,0,0,0
2022,"1. Semestre","D320199","17",5,"AP681402512218","305","Engenharia Química",0,0,0,0,0,0,6
2022,"1. Semestre","D320199","17",5,"A218148855402","305","Engenharia Química",0,0,0,0,0,0,6
2022,"1. Semestre","D320199","17",9,"AP681402512218","305","Engenharia Química",0,0,12,0,0,0,0
2022,"1. Semestre","D320199","17",9,"A218148855402","305","Engenharia Química",0,0,12,0,0,0,0
2022,"1. Semestre","D320199","18",21,"AP806642512402","109","Química - Licenciatura",30,0,64,0,0,6,0
2022,"1. Semestre","D320199","19",13,"A642946200380","402","Engenharia Florestal",35,0,32,3,0,8,22
2022,"1. Semestre","D320199","20",17,"AP806642512402","123","Física - Bacharelado",57,0,40,0,3,0,0
2022,"1. Semestre","D320199","50",2,"A380200380642","303","Engenharia Elétrica",10,0,86,5,0,0,0
2022,"1. Semestre","D320199","50",1,"A380200380642","305","Engenharia Química",0,0,100,0,0,0,0
2022,"1. Semestre","D320199","50",1,"A380200380642","311","Curso de Engenharia Acústica",0,0,100,0,0,0,0
2022,"2. Semestre","D320199","10",7,"P855200218","303","Engenharia Elétrica",16,4,51,0,0,0,29
2022,"2. Semestre","D320199","11",14,"A292200218320","312","Curso de Engenharia de Computação",23,2,33,2,0,0,41
2022,"2. Semestre","D320199","13",5,"A681200461218","313","Curso de Engenharia de Produção",15,6,9,0,0,0,70
2022,"2. Semestre","D320199","14",11,"A380200380642","302","Engenharia Civil",37,4,22,0,0,0,37
2022,"2. Semestre","D320199","15",10,"AP681402512218","310","Curso Engenharia de Controle e Automação",28,6,36,0,0,0,31
2022,"2. Semestre","D320199","16",10,"MÁICON FACCO","314","Bacharelado em Sistemas de Informação",23,2,23,2,0,2,47
2022,"2. Semestre","D320199","17",18,"A380683888642","304","Engenharia Mecânica",17,0,0,0,0,0,0
2022,"2. Semestre","D320199","17",18,"AP292200218888","304","Engenharia Mecânica",17,0,0,0,0,0,0
2022,"2. Semestre","D320199","17",1,"A380683888642","304","Engenharia Mecânica",0,0,0,0,0,1,0
2022,"2. Semestre","D320199","17",1,"AP292200218888","304","Engenharia Mecânica",0,0,0,0,0,1,0
2022,"2. Semestre","D320199","17",3,"A380683888642","304","Engenharia Mecânica",0,3,0,0,0,0,0
2022,"2. Semestre","D320199","17",3,"AP292200218888","304","Engenharia Mecânica",0,3,0,0,0,0,0
2022,"2. Semestre","D320199","17",10,"A380683888642","304","Engenharia Mecânica",0,0,0,0,0,0,10
2022,"2. Semestre","D320199","17",10,"AP292200218888","304","Engenharia Mecânica",0,0,0,0,0,0,10
2022,"2. Semestre","D320199","17",20,"A380683888642","304","Engenharia Mecânica",0,0,19,0,0,0,0
2022,"2. Semestre","D320199","17",20,"AP292200218888","304","Engenharia Mecânica",0,0,19,0,0,0,0
2022,"2. Semestre","D320199","17",24,"AP292200218888","305","Engenharia Química",67,3,11,0,3,0,17
2022,"2. Semestre","D320199","18",8,"B200380461148","311","Curso de Engenharia Acústica",28,0,14,7,3,0,48
2022,"2. Semestre","D320199","19",1,"A292200218320","402","Engenharia Florestal",11,6,33,0,0,0,50
2022,"2. Semestre","D320199","20",17,"A394200218642","309","Curso de Engenharia Sanitária e Ambiental",41,2,27,0,0,0,29
2022,"2. Semestre","D320199","50",2,"A292200218320","305","Engenharia Química",0,0,100,0,0,0,0
2022,"2. Semestre","D320199","50",2,"A292200218320","307","Ciência da Computação - Bacharelado",67,0,33,0,0,0,0
2022,"2. Semestre","D320199","50",1,"A292200218320","316","Curso de Engenharia de Telecomunicações",0,0,0,0,100,0,0
2022,"2. Semestre","D320199","50",1,"A292200218320","315","Curso de Engenharia Aeroespacial",100,0,0,0,0,0,0
2021,"1. Semestre","D888200","CC1",16,"E681200461218","307","Ciência da Computação - Bacharelado",84,0,5,0,0,11,0
2021,"1. Semestre","D888200","CC2",10,"E978402380148","307","Ciência da Computação - Bacharelado",56,0,33,0,0,11,0
2021,"1. Semestre","D888200","SI1",1,"E681200461218","314","Bacharelado em Sistemas de Informação",20,0,80,0,0,0,0
2021,"1. Semestre","D888200","SI2",3,"E978402380148","314","Bacharelado em Sistemas de Informação",60,0,40,0,0,0,0
2021,"2. Semestre","D888200","CC1",2,"E978402380148","307","Ciência da Computação - Bacharelado",40,0,40,20,0,0,0
2021,"2. Semestre","D888200","CC2",2,"E681200461218","307","Ciência da Computação - Bacharelado",40,0,40,20,0,0,0
2021,"2. Semestre","D888200","SI1",10,"E978402380148","314","Bacharelado em Sistemas de Informação",43,0,43,0,4,9,0
2021,"2. Semestre","D888200","SI2",2,"E681200461218","314","Bacharelado em Sistemas de Informação",12,0,82,0,0,6,0
2022,"1. Semestre","D888200","CC1",13,"E681200461218","307","Ciência da Computação - Bacharelado",87,0,13,0,0,0,0
2022,"1. Semestre","D888200","CC2",16,"E978402380148","307","Ciência da Computação - Bacharelado",67,0,21,4,0,4,4
2022,"1. Semestre","D888200","SI1",1,"E681200461218","314","Bacharelado em Sistemas de Informação",0,0,100,0,0,0,0
2022,"1. Semestre","D888200","SI2",2,"E978402380148","314","Bacharelado em Sistemas de Informação",67,0,0,0,0,0,33
2022,"2. Semestre","D888200","CC",8,"E200380461148","307","Ciência da Computação - Bacharelado",80,0,20,0,0,0,0
2022,"2. Semestre","D888200","SI1",19,"E978402380148","314","Bacharelado em Sistemas de Informação",63,3,27,0,0,0,7
2022,"2. Semestre","D888200","SI2",9,"E681200461218","314","Bacharelado em Sistemas de Informação",60,0,13,0,0,7,20
2022,"2. Semestre","D888200","SI3",8,"E200380461148","314","Bacharelado em Sistemas de Informação",80,0,20,0,0,0,0
